id,duration,journey_id,updated_at,,,created_at,,,,,,start_longitude,start_latitude,end_longitude,end_latitude,trip_dist,,,,,,,
9319,2460,431,02/03/2020 09:27,,,02/03/2020 09:27,,,,,,-0.1004,51.504813,-0.1004,51.504813,1368.741145,,,,,,,
9478,4500,432,02/03/2020 11:13,,,02/03/2020 11:13,,,,,,-0.236222,51.49427,-0.096802,51.492634,1829.366014,,,,,,,
9556,4920,433,02/03/2020 12:23,,,02/03/2020 12:23,,,,,,-0.162333,51.405658,-0.101095,51.378822,2091.227707,,,,,,,
9576,4020,434,02/03/2020 12:37,,,02/03/2020 12:37,,,,,,-0.128116,51.578469,-0.125821,51.551823,2103.367066,,,,,,,
9718,7080,435,02/03/2020 16:05,,,02/03/2020 16:05,,,,,,0.001716,51.537983,0.041612,51.538639,1982.40135,,,,,,,
9788,2160,436,02/03/2020 17:01,,,02/03/2020 17:01,,,,,,0.003108,51.446545,0.004526,51.453838,2140.704744,,,,,,,
9919,3300,437,02/03/2020 20:26,,,02/03/2020 20:26,,,,,,-0.100345,51.494438,-0.238095,51.493481,926.5288194,,,,,,,
9989,2940,438,02/03/2020 23:35,,,02/03/2020 23:35,,,,,,-0.140012,51.536314,-0.127819,51.573936,1217.716526,,,,,,,
10049,8520,439,03/03/2020 07:51,,,03/03/2020 07:51,,,,,,0.038728,51.542938,0.011925,51.538502,1982.40135,,,,,,,
10098,3240,440,03/03/2020 09:40,,,03/03/2020 09:40,,,,,,-0.121673,51.523779,-0.118759,51.511536,1829.366014,,,,,,,
10164,780,441,03/03/2020 11:04,,,03/03/2020 11:04,,,,,,-0.162289,51.405643,-0.16232,51.405663,3074.195485,,,,,,,
10233,780,442,03/03/2020 11:48,,,03/03/2020 11:48,,,,,,-0.128113,51.578467,-0.128088,51.578728,2151.225975,,,,,,,
10333,780,443,03/03/2020 12:43,,,03/03/2020 12:43,,,,,,0.004068,51.444507,-0.072544,51.50824,2240.31424,,,,,,,
10538,780,444,03/03/2020 13:42,,,03/03/2020 13:42,,,,,,-0.100417,51.504983,-0.100417,51.504983,2208.819633,,,,,,,
10614,540,445,03/03/2020 15:37,,,03/03/2020 15:37,,,,,,-0.100409,51.504834,-0.100394,51.504841,1626.971757,,,,,,,
10616,1320,446,03/03/2020 15:38,,,03/03/2020 15:38,,,,,,0.00162,51.538106,0.032941,51.538906,809.9764314,,,,,,,
10673,840,447,03/03/2020 16:06,,,03/03/2020 16:06,,,,,,-0.100394,51.504842,-0.100394,51.504842,2860.881406,,,,,,,
10674,840,448,03/03/2020 16:06,,,03/03/2020 16:06,,,,,,-0.100394,51.504842,-0.100394,51.504842,1498.750761,,,,,,,
10675,840,449,03/03/2020 16:07,,,03/03/2020 16:07,,,,,,-0.100394,51.504842,-0.100394,51.504842,1498.750761,,,,,,,
10750,840,450,03/03/2020 17:08,,,03/03/2020 17:08,,,,,,-0.089413,51.515582,-0.037017,51.487289,2860.881406,,,,,,,
10886,1620,451,03/03/2020 18:05,,,03/03/2020 18:05,,,,,,-0.10044,51.504808,0.103648,51.434238,1368.741145,,,,,,,
10967,1620,452,03/03/2020 18:35,,,03/03/2020 18:35,,,,,,-0.2352,51.496213,-0.2352,51.496212,1829.366014,,,,,,,
11338,1380,453,04/03/2020 07:53,,,04/03/2020 07:53,,,,,,0.03876,51.542954,0.010457,51.53883,4083.264387,,,,,,,
11343,1380,454,04/03/2020 10:18,,,04/03/2020 10:18,,,,,,-0.162321,51.405687,-0.162306,51.405659,197.5889679,,,,,,,
11505,1380,455,04/03/2020 12:24,,,04/03/2020 12:24,,,,,,-0.100413,51.504834,-0.097625,51.505417,1626.971757,,,,,,,
11512,1380,456,04/03/2020 12:26,,,04/03/2020 12:26,,,,,,-0.100423,51.50498,-0.100423,51.50498,2810.186524,,,,,,,
11515,1380,457,04/03/2020 12:27,,,04/03/2020 12:27,,,,,,-0.100375,51.505025,-0.100375,51.505025,1498.750761,,,,,,,
11518,360,458,04/03/2020 12:28,,,04/03/2020 12:28,,,,,,-0.100424,51.504816,-0.100396,51.504845,1053.798685,,,,,,,
11584,1140,459,04/03/2020 13:18,,,04/03/2020 13:18,,,,,,-0.1004,51.505107,-0.1004,51.505107,4440.820651,,,,,,,
11587,900,460,04/03/2020 13:20,,,04/03/2020 13:20,,,,,,-0.171496,51.486096,-0.171431,51.486109,1217.716526,,,,,,,
11633,900,461,04/03/2020 14:51,,,04/03/2020 14:51,,,,,,-0.155852,51.513755,-0.145028,51.515308,873.4714024,,,,,,,
11689,900,462,04/03/2020 16:04,,,04/03/2020 16:04,,,,,,-0.100409,51.504814,-0.10143,51.50626,2851.34913,,,,,,,
11746,900,463,04/03/2020 17:01,,,04/03/2020 17:01,,,,,,0.001737,51.538087,0.038986,51.543114,2517.233577,,,,,,,
12095,660,464,05/03/2020 05:13,,,05/03/2020 05:13,,,,,,-0.128072,51.578429,-0.115811,51.556355,2851.34913,,,,,,,
12296,420,465,05/03/2020 07:53,,,05/03/2020 07:53,,,,,,0.038765,51.542928,0.012838,51.537121,1089.057814,,,,,,,
12387,960,466,05/03/2020 08:52,,,05/03/2020 08:52,,,,,,-0.100397,51.50481,-0.100397,51.50481,1368.741145,,,,,,,
12392,720,467,05/03/2020 08:54,,,05/03/2020 08:54,,,,,,-0.100397,51.50481,-0.100397,51.50481,2660.879125,,,,,,,
12410,720,468,05/03/2020 08:59,,,05/03/2020 08:59,,,,,,-0.100397,51.50481,-0.100429,51.504814,2754.05057,,,,,,,
12438,1500,469,05/03/2020 10:18,,,05/03/2020 10:18,,,,,,-0.162306,51.405658,-0.126588,51.384151,4736.677072,,,,,,,
12475,1500,470,05/03/2020 10:39,,,05/03/2020 10:39,,,,,,-2.241101,53.480323,-2.241101,53.480323,2975.725315,,,,,,,
12517,1260,471,05/03/2020 11:00,,,05/03/2020 11:00,,,,,,-0.100435,51.505002,-0.100435,51.505002,4720.370746,,,,,,,
12526,1260,472,05/03/2020 11:09,,,05/03/2020 11:09,,,,,,-0.100444,51.50499,-0.100444,51.50499,4116.861696,,,,,,,
12527,1260,473,05/03/2020 11:16,,,05/03/2020 11:16,,,,,,-0.100123,51.504813,-0.100123,51.504813,1555.115101,,,,,,,
12528,1260,474,05/03/2020 11:16,,,05/03/2020 11:16,,,,,,-0.100123,51.504813,-0.100395,51.504841,4440.820651,,,,,,,
12582,1260,475,05/03/2020 11:43,,,05/03/2020 11:43,,,,,,-0.100407,51.504969,-0.100407,51.504969,1746.726826,,,,,,,
12586,1020,476,05/03/2020 12:43,,,05/03/2020 12:43,,,,,,-0.1029,51.506586,-0.100124,51.504826,3372.382656,,,,,,,
12619,1020,477,05/03/2020 14:23,,,05/03/2020 14:23,,,,,,-0.100405,51.504813,-0.100405,51.504813,1368.741145,,,,,,,
12620,2040,478,05/03/2020 15:19,,,05/03/2020 15:19,,,,,,-0.100349,51.504973,-0.100349,51.504973,342.0790639,,,,,,,
12621,1440,479,05/03/2020 15:37,,,05/03/2020 15:37,,,,,,-0.100412,51.50481,-0.047942,51.498608,2492.548463,,,,,,,
12626,2940,480,05/03/2020 16:03,,,05/03/2020 16:03,,,,,,-0.140086,51.536516,-0.118223,51.558617,0,,,,,,,
12736,8580,481,05/03/2020 16:48,,,05/03/2020 16:48,,,,,,-0.1337,51.50998,-0.1337,51.50998,0,,,,,,,
12747,5160,482,05/03/2020 16:50,,,05/03/2020 16:50,,,,,,-0.1337,51.50998,-0.1337,51.50998,0,,,,,,,
12775,2940,483,05/03/2020 16:58,,,05/03/2020 16:58,,,,,,-0.100452,51.504996,-0.100452,51.504996,0,,,,,,,
12780,2220,484,05/03/2020 17:00,,,05/03/2020 17:00,,,,,,0.102426,51.432258,-0.084263,51.504551,0,,,,,,,
12915,3480,485,05/03/2020 20:00,,,05/03/2020 20:00,,,,,,0.111013,51.40791,0.111013,51.407909,0,,,,,,,
12917,2940,486,05/03/2020 20:06,,,05/03/2020 20:06,,,,,,0.111094,51.407928,0.111094,51.407928,0,,,,,,,
12918,5160,487,05/03/2020 20:07,,,05/03/2020 20:07,,,,,,0.111094,51.407928,0.111094,51.407928,0,,,,,,,
12920,3120,488,06/03/2020 05:18,,,06/03/2020 05:18,,,,,,-0.128084,51.578437,-0.139842,51.536251,0,,,,,,,
13029,2400,489,06/03/2020 07:55,,,06/03/2020 07:55,,,,,,0.038723,51.543201,0.001641,51.538101,0,,,,,,,
13046,5160,490,06/03/2020 09:53,,,06/03/2020 09:53,,,,,,-0.385142,51.443037,-0.3277,51.478985,0,,,,,,,
13122,8520,491,06/03/2020 12:44,,,06/03/2020 12:44,,,,,,-0.100278,51.504844,-0.0997,51.506519,0,,,,,,,
13132,7740,492,06/03/2020 13:20,,,06/03/2020 13:20,,,,,,-0.327673,51.478999,-0.362857,51.466614,0,,,,,,,
13135,1560,493,06/03/2020 13:23,,,06/03/2020 13:23,,,,,,0.004055,51.444467,0.004055,51.444466,0,,,,,,,
13172,1080,494,06/03/2020 15:42,,,06/03/2020 15:42,,,,,,-0.100421,51.504811,-0.100421,51.504811,0,,,,,,,
13173,1080,495,06/03/2020 15:44,,,06/03/2020 15:44,,,,,,0.001607,51.538129,0.03311,51.539085,0,,,,,,,
13174,1620,496,06/03/2020 15:45,,,06/03/2020 15:45,,,,,,-0.100421,51.504811,-0.100421,51.50481,0,,,,,,,
13181,1380,497,06/03/2020 15:50,,,06/03/2020 15:50,,,,,,-0.020111,51.505172,-0.020239,51.505035,0,,,,,,,
13201,660,498,06/03/2020 16:09,,,06/03/2020 16:09,,,,,,-0.140152,51.535789,-0.126079,51.575829,1368.741145,,,,,,,
13307,1620,499,06/03/2020 16:58,,,06/03/2020 16:58,,,,,,-0.100411,51.504812,-0.100413,51.50481,1217.716526,,,,,,,
13310,600,500,06/03/2020 16:59,,,06/03/2020 16:59,,,,,,-0.1004,51.504993,-0.1004,51.504993,1978.839314,,,,,,,
13341,2580,501,06/03/2020 17:49,,,06/03/2020 17:49,,,,,,-0.077465,51.497695,-0.077465,51.497696,2746.700086,,,,,,,
13343,1020,502,06/03/2020 18:05,,,06/03/2020 18:05,,,,,,-0.182921,51.474189,-0.182921,51.474189,1662.071439,,,,,,,
13344,1380,503,06/03/2020 18:55,,,06/03/2020 18:55,,,,,,-0.075531,51.531702,-0.075129,51.511314,0,,,,,,,
13406,1500,504,06/03/2020 19:37,,,06/03/2020 19:37,,,,,,-0.182934,51.474196,-0.124327,51.513046,0,,,,,,,
13430,1320,505,06/03/2020 20:59,,,06/03/2020 20:59,,,,,,-0.071962,51.511515,-0.205262,51.490913,5846.965465,,,,,,,
13446,1020,506,06/03/2020 21:25,,,06/03/2020 21:25,,,,,,-0.473887,51.454313,-0.473887,51.454313,1217.716526,,,,,,,
13476,1740,507,06/03/2020 22:11,,,06/03/2020 22:11,,,,,,-0.083888,51.531034,-0.083888,51.531034,0,,,,,,,
13477,4980,508,06/03/2020 22:31,,,06/03/2020 22:31,,,,,,-0.033464,51.550738,-0.033464,51.550738,0,,,,,,,
13478,1020,509,06/03/2020 22:45,,,06/03/2020 22:45,,,,,,-0.080121,51.490735,-0.080121,51.490735,1217.716526,,,,,,,
13479,5940,510,06/03/2020 23:01,,,06/03/2020 23:01,,,,,,-0.079759,51.509477,-0.079759,51.509477,1295.320194,,,,,,,
13480,1440,511,06/03/2020 23:05,,,06/03/2020 23:05,,,,,,-0.027652,51.452792,-0.027652,51.452792,1746.726826,,,,,,,
13481,1740,512,06/03/2020 23:54,,,06/03/2020 23:54,,,,,,-0.203585,51.548678,-0.203585,51.548678,0,,,,,,,
13482,3780,513,07/03/2020 00:26,,,07/03/2020 00:26,,,,,,-0.198247,51.571798,-0.198247,51.571798,0,,,,,,,
13483,1860,514,07/03/2020 00:31,,,07/03/2020 00:31,,,,,,-0.198247,51.571798,-0.198247,51.571798,1670.623946,,,,,,,
13484,1380,515,07/03/2020 04:23,,,07/03/2020 04:23,,,,,,-0.116704,51.536257,-0.116704,51.536257,2918.329867,,,,,,,
13485,780,516,07/03/2020 07:07,,,07/03/2020 07:07,,,,,,-0.460625,51.45842,-0.460625,51.45842,1662.071439,,,,,,,
13486,900,517,07/03/2020 08:13,,,07/03/2020 08:13,,,,,,-0.224478,51.507339,-0.224478,51.507339,1217.716526,,,,,,,
13487,3120,518,07/03/2020 08:13,,,07/03/2020 08:13,,,,,,-0.110415,51.597703,0.08583,51.559017,1217.716526,,,,,,,
13507,2880,519,07/03/2020 08:47,,,07/03/2020 08:47,,,,,,0.343292,51.634131,0.343292,51.634131,0,,,,,,,
13508,600,520,07/03/2020 09:00,,,07/03/2020 09:00,,,,,,0.089531,51.476634,0.089531,51.476634,1622.28701,,,,,,,
13509,2580,521,07/03/2020 09:19,,,07/03/2020 09:19,,,,,,-0.189073,51.521136,-0.189073,51.521136,2746.700086,,,,,,,
13520,2100,522,07/03/2020 11:06,,,07/03/2020 11:06,,,,,,-0.180947,51.399874,-0.180947,51.399874,0,,,,,,,
13522,960,523,07/03/2020 11:19,,,07/03/2020 11:19,,,,,,-0.180907,51.39988,-0.180907,51.39988,2731.619124,,,,,,,
13523,780,524,07/03/2020 12:07,,,07/03/2020 12:07,,,,,,0.033167,51.546818,0.033167,51.546818,1922.889346,,,,,,,
13526,4980,525,07/03/2020 12:09,,,07/03/2020 12:09,,,,,,-0.190709,51.401562,-0.190709,51.401562,0,,,,,,,
13527,1260,526,07/03/2020 12:33,,,07/03/2020 12:33,,,,,,-0.027464,51.452757,-0.027464,51.452757,2583.243237,,,,,,,
13528,1380,527,07/03/2020 12:40,,,07/03/2020 12:40,,,,,,-0.128115,51.578469,-0.115229,51.557182,0,,,,,,,
13551,1500,528,07/03/2020 13:07,,,07/03/2020 13:07,,,,,,-0.128923,51.525534,-0.128923,51.525534,0,,,,,,,
13588,8460,529,07/03/2020 14:22,,,07/03/2020 14:22,,,,,,-0.231155,51.490494,-0.231155,51.490494,0,,,,,,,
13589,5460,530,07/03/2020 14:24,,,07/03/2020 14:24,,,,,,0.084585,51.594617,0.084585,51.594617,2565.029081,,,,,,,
13590,1440,531,07/03/2020 15:49,,,07/03/2020 15:49,,,,,,0.072178,51.53389,0.072194,51.533894,1498.750761,,,,,,,
13600,960,532,07/03/2020 16:01,,,07/03/2020 16:01,,,,,,-0.146936,51.515999,-0.146936,51.515999,1089.057814,,,,,,,
13602,1380,533,07/03/2020 16:02,,,07/03/2020 16:02,,,,,,-0.146936,51.515999,-0.146936,51.515999,1368.741145,,,,,,,
13652,4020,534,07/03/2020 16:56,,,07/03/2020 16:56,,,,,,-0.141474,51.514033,-0.141474,51.514033,0,,,,,,,
13655,3120,535,07/03/2020 16:57,,,07/03/2020 16:57,,,,,,-0.141798,51.513996,-0.141798,51.513996,3049.108198,,,,,,,
13699,5040,536,07/03/2020 17:24,,,07/03/2020 17:24,,,,,,-0.237751,51.53566,-0.237751,51.53566,2492.548463,,,,,,,
13700,720,537,07/03/2020 17:29,,,07/03/2020 17:29,,,,,,-0.433756,51.493284,-0.420238,51.508533,2731.619124,,,,,,,
13768,1020,538,07/03/2020 19:00,,,07/03/2020 19:00,,,,,,-0.220612,51.507989,-0.220612,51.507989,0,,,,,,,
13776,1740,539,07/03/2020 21:45,,,07/03/2020 21:45,,,,,,-0.181588,51.599805,-0.181588,51.599805,0,,,,,,,
13777,2220,540,07/03/2020 22:02,,,07/03/2020 22:02,,,,,,-0.124019,51.513027,-0.124019,51.513027,0,,,,,,,
13778,300,541,07/03/2020 23:36,,,07/03/2020 23:36,,,,,,-0.140154,51.536118,-0.116238,51.559769,794.9956403,,,,,,,
13879,660,542,08/03/2020 08:43,,,08/03/2020 08:43,,,,,,-0.126861,51.481094,-0.126861,51.481094,1982.40135,,,,,,,
13880,600,543,08/03/2020 09:48,,,08/03/2020 09:48,,,,,,0.03871,51.542992,0.080913,51.526337,1916.298092,,,,,,,
13958,900,544,08/03/2020 11:04,,,08/03/2020 11:04,,,,,,-0.189561,51.520217,-0.189561,51.520217,1089.057814,,,,,,,
13959,840,545,08/03/2020 11:36,,,08/03/2020 11:36,,,,,,0.072208,51.533888,-0.104683,51.590401,2208.819633,,,,,,,
13963,1140,546,08/03/2020 11:38,,,08/03/2020 11:38,,,,,,-0.098383,51.476827,-0.098383,51.476827,1746.726826,,,,,,,
14015,2760,547,08/03/2020 12:04,,,08/03/2020 12:04,,,,,,0.080913,51.526335,0.072241,51.521797,0,,,,,,,
14112,1080,548,08/03/2020 12:47,,,08/03/2020 12:47,,,,,,0.004021,51.444482,-0.013943,51.465614,2492.548463,,,,,,,
14135,1020,549,08/03/2020 13:21,,,08/03/2020 13:21,,,,,,0.07222,51.521771,0.038453,51.540688,1217.716526,,,,,,,
14226,720,550,08/03/2020 14:17,,,08/03/2020 14:17,,,,,,-0.144902,51.44205,-0.144902,51.44205,342.0790639,,,,,,,
14346,600,551,08/03/2020 16:09,,,08/03/2020 16:09,,,,,,-0.08098,51.531574,-0.08098,51.531574,1217.716526,,,,,,,
14368,780,552,08/03/2020 18:07,,,08/03/2020 18:07,,,,,,-0.107521,51.599658,-0.107521,51.599658,1053.798685,,,,,,,
14369,1620,553,08/03/2020 18:44,,,08/03/2020 18:44,,,,,,-0.103547,51.600503,-0.90003,52.21497,1217.716526,,,,,,,
14513,900,554,08/03/2020 20:25,,,08/03/2020 20:25,,,,,,-0.006792,51.454946,-0.006792,51.454946,873.4714024,,,,,,,
14638,1080,555,08/03/2020 22:35,,,08/03/2020 22:35,,,,,,-0.117515,51.461889,-0.117515,51.461889,2182.946733,,,,,,,
14639,180,556,09/03/2020 07:20,,,09/03/2020 07:20,,,,,,0.343317,51.634127,0.343317,51.634127,834.9431793,,,,,,,
14640,360,557,09/03/2020 07:48,,,09/03/2020 07:48,,,,,,-0.182923,51.474189,-0.047707,51.49337,0,,,,,,,
14642,1740,558,09/03/2020 07:49,,,09/03/2020 07:49,,,,,,-0.132244,51.461829,-0.132244,51.461829,0,,,,,,,
14653,1020,559,09/03/2020 07:54,,,09/03/2020 07:54,,,,,,-0.203496,51.548797,-0.203496,51.548797,3703.676124,,,,,,,
14656,780,560,09/03/2020 07:55,,,09/03/2020 07:55,,,,,,-0.006727,51.454886,-0.006727,51.454886,2091.227707,,,,,,,
14662,5220,561,09/03/2020 07:58,,,09/03/2020 07:58,,,,,,0.038514,51.542751,0.002403,51.538403,0,,,,,,,
14691,1800,562,09/03/2020 08:09,,,09/03/2020 08:09,,,,,,-0.11736,51.461924,-0.11736,51.461926,0,,,,,,,
14791,240,563,09/03/2020 08:42,,,09/03/2020 08:42,,,,,,-0.169171,51.477307,-0.169171,51.477307,514.3387893,,,,,,,
14795,1140,564,09/03/2020 08:44,,,09/03/2020 08:44,,,,,,-0.169905,51.466422,-0.169905,51.466422,0,,,,,,,
14800,3300,565,09/03/2020 08:53,,,09/03/2020 08:53,,,,,,-0.077404,51.529061,-0.077404,51.529061,926.5288194,,,,,,,
14804,1380,566,09/03/2020 08:55,,,09/03/2020 08:55,,,,,,-0.100431,51.5048,-0.100431,51.5048,1626.971757,,,,,,,
14814,3300,567,09/03/2020 09:14,,,09/03/2020 09:14,,,,,,-0.08601,51.510492,-0.08601,51.510492,0,,,,,,,
14815,480,568,09/03/2020 09:35,,,09/03/2020 09:35,,,,,,-0.181556,51.59975,-0.181556,51.59975,1066.294747,,,,,,,
14816,4440,569,09/03/2020 09:59,,,09/03/2020 09:59,,,,,,-0.100413,51.504811,-0.100428,51.504829,0,,,,,,,
14873,3600,570,09/03/2020 11:33,,,09/03/2020 11:33,,,,,,-0.433698,51.49328,-0.431247,51.495461,1517.441034,,,,,,,
14904,660,571,09/03/2020 11:49,,,09/03/2020 11:49,,,,,,0.057914,51.636945,0.057914,51.636945,1368.741145,,,,,,,
14925,2160,572,09/03/2020 11:59,,,09/03/2020 11:59,,,,,,-0.100429,51.504815,-0.100411,51.50481,4568.867719,,,,,,,
14938,2040,573,09/03/2020 12:03,,,09/03/2020 12:03,,,,,,-0.099327,51.515733,-0.099327,51.515733,0,,,,,,,
14943,4020,574,09/03/2020 12:05,,,09/03/2020 12:05,,,,,,-0.100411,51.504812,-0.100411,51.50481,342.0790639,,,,,,,
14947,1140,575,09/03/2020 12:06,,,09/03/2020 12:06,,,,,,-0.100411,51.504812,-0.100411,51.50481,1746.726826,,,,,,,
14953,1860,576,09/03/2020 12:08,,,09/03/2020 12:08,,,,,,-0.100411,51.504812,-0.100411,51.504812,0,,,,,,,
14954,1860,577,09/03/2020 12:08,,,09/03/2020 12:08,,,,,,-0.100411,51.504812,-0.100411,51.504812,0,,,,,,,
14956,3120,578,09/03/2020 12:08,,,09/03/2020 12:08,,,,,,-0.100411,51.504812,-0.100411,51.50481,3049.108198,,,,,,,
14960,4800,579,09/03/2020 12:09,,,09/03/2020 12:09,,,,,,-0.100411,51.504812,-0.100408,51.504818,0,,,,,,,
14961,660,580,09/03/2020 12:09,,,09/03/2020 12:09,,,,,,-0.129838,51.529337,-0.129838,51.529337,1461.695041,,,,,,,
15030,2520,581,09/03/2020 12:28,,,09/03/2020 12:28,,,,,,-0.100338,51.504827,-0.100546,51.505077,0,,,,,,,
15031,1200,582,09/03/2020 12:28,,,09/03/2020 12:28,,,,,,-0.128136,51.578474,-0.116182,51.556465,4870.470628,,,,,,,
15106,2520,583,09/03/2020 12:40,,,09/03/2020 12:40,,,,,,-0.218097,51.46109,-0.218097,51.46109,0,,,,,,,
15203,3780,584,09/03/2020 12:53,,,09/03/2020 12:53,,,,,,-0.081286,51.531489,-0.081286,51.531489,0,,,,,,,
15267,3000,585,09/03/2020 13:03,,,09/03/2020 13:03,,,,,,-0.100546,51.505078,-0.10143,51.50626,0,,,,,,,
15314,1200,586,09/03/2020 13:11,,,09/03/2020 13:11,,,,,,-0.245669,51.503978,-0.245669,51.503978,1746.726826,,,,,,,
15345,840,587,09/03/2020 13:18,,,09/03/2020 13:18,,,,,,-0.321276,51.578014,-0.321276,51.578014,2848.604417,,,,,,,
15349,720,588,09/03/2020 13:19,,,09/03/2020 13:19,,,,,,-0.10143,51.506259,-0.10143,51.506259,1567.827771,,,,,,,
15353,1140,589,09/03/2020 13:21,,,09/03/2020 13:21,,,,,,-0.078998,51.488629,-0.078998,51.488629,2930.934769,,,,,,,
15394,1740,590,09/03/2020 13:40,,,09/03/2020 13:40,,,,,,-0.410941,51.703266,-0.410941,51.703266,0,,,,,,,
15415,660,591,09/03/2020 13:46,,,09/03/2020 13:46,,,,,,-0.100412,51.504811,-0.100412,51.504811,1919.668911,,,,,,,
15420,4800,592,09/03/2020 13:48,,,09/03/2020 13:48,,,,,,-0.100412,51.504811,-0.100412,51.50481,0,,,,,,,
15444,5040,593,09/03/2020 13:58,,,09/03/2020 13:58,,,,,,-0.392417,51.697013,-0.392417,51.697013,342.0790639,,,,,,,
15446,3120,594,09/03/2020 13:58,,,09/03/2020 13:58,,,,,,-0.099512,51.494966,-0.099512,51.494966,0,,,,,,,
15651,660,595,09/03/2020 14:58,,,09/03/2020 14:58,,,,,,-0.198412,51.571742,-0.198412,51.571742,2249.04117,,,,,,,
15695,900,596,09/03/2020 15:13,,,09/03/2020 15:13,,,,,,-0.100409,51.504812,-0.100366,51.50481,2848.604417,,,,,,,
15703,5040,597,09/03/2020 15:22,,,09/03/2020 15:22,,,,,,-0.10042,51.505003,-0.10042,51.505003,1982.40135,,,,,,,
15710,1740,598,09/03/2020 15:32,,,09/03/2020 15:32,,,,,,-0.144408,51.538672,-0.144408,51.538672,5236.227721,,,,,,,
15713,3240,599,09/03/2020 15:37,,,09/03/2020 15:37,,,,,,-0.103617,51.506334,-0.103617,51.506334,0,,,,,,,
15717,1860,600,09/03/2020 15:45,,,09/03/2020 15:45,,,,,,-0.100408,51.504819,-0.100408,51.504818,0,,,,,,,
15723,660,601,09/03/2020 15:55,,,09/03/2020 15:55,,,,,,-0.076812,51.535897,-0.076812,51.535897,2790.755863,,,,,,,
15724,4080,602,09/03/2020 15:56,,,09/03/2020 15:56,,,,,,-0.100408,51.504819,-0.100408,51.504819,419.8341762,,,,,,,
15725,7140,603,09/03/2020 16:50,,,09/03/2020 16:50,,,,,,-0.070612,51.513931,-0.182937,51.474197,132.7924149,,,,,,,
15729,1200,604,09/03/2020 16:52,,,09/03/2020 16:52,,,,,,-0.100413,51.504979,-0.100413,51.504979,1751.973528,,,,,,,
15764,5220,605,09/03/2020 17:13,,,09/03/2020 17:13,,,,,,-0.101858,51.510954,-0.101858,51.510954,0,,,,,,,
15787,1380,606,09/03/2020 17:24,,,09/03/2020 17:24,,,,,,-0.183123,51.380919,-0.183123,51.380919,0,,,,,,,
15801,1500,607,09/03/2020 17:30,,,09/03/2020 17:30,,,,,,-0.178228,51.595459,-0.178228,51.595459,3934.617724,,,,,,,
15804,540,608,09/03/2020 17:31,,,09/03/2020 17:31,,,,,,-0.218619,51.460967,-0.218619,51.460967,1498.750761,,,,,,,
15807,780,609,09/03/2020 17:32,,,09/03/2020 17:32,,,,,,-0.093883,51.392662,-0.093883,51.392662,2477.562494,,,,,,,
15817,1860,610,09/03/2020 17:47,,,09/03/2020 17:47,,,,,,-0.076522,51.535906,-0.076522,51.535906,1368.741145,,,,,,,
15818,540,611,09/03/2020 17:50,,,09/03/2020 17:50,,,,,,-0.106419,51.563995,-0.106419,51.563995,1746.726826,,,,,,,
15819,420,612,09/03/2020 17:55,,,09/03/2020 17:55,,,,,,-0.121836,51.462821,-0.121836,51.462821,1089.057814,,,,,,,
15838,1800,613,09/03/2020 18:07,,,09/03/2020 18:07,,,,,,-0.117555,51.51278,-0.117555,51.51278,1670.623946,,,,,,,
15840,600,614,09/03/2020 18:07,,,09/03/2020 18:07,,,,,,-0.100413,51.504811,-0.100413,51.50481,1382.751725,,,,,,,
15845,1380,615,09/03/2020 18:09,,,09/03/2020 18:09,,,,,,-0.1202,51.519316,-0.1202,51.519316,5846.965465,,,,,,,
15870,1320,616,09/03/2020 18:22,,,09/03/2020 18:22,,,,,,-0.094187,51.566628,-0.094187,51.566628,1829.366014,,,,,,,
15914,1800,617,09/03/2020 18:46,,,09/03/2020 18:46,,,,,,-0.109636,51.520216,-0.109636,51.520216,1217.716526,,,,,,,
15944,840,618,09/03/2020 19:01,,,09/03/2020 19:01,,,,,,-0.129833,51.516526,-0.129833,51.516526,1217.716526,,,,,,,
15948,1740,619,09/03/2020 19:05,,,09/03/2020 19:05,,,,,,-0.085642,51.506271,-0.114749,51.462807,0,,,,,,,
16006,720,620,09/03/2020 19:40,,,09/03/2020 19:40,,,,,,-0.167043,51.492777,-0.167043,51.492777,2918.329867,,,,,,,
16019,2820,621,09/03/2020 21:54,,,09/03/2020 21:54,,,,,,-0.107009,51.533468,-0.107009,51.533468,0,,,,,,,
16020,1080,622,09/03/2020 23:43,,,09/03/2020 23:43,,,,,,-0.139996,51.536277,-0.128204,51.577553,3703.676124,,,,,,,
16083,4740,623,10/03/2020 01:04,,,10/03/2020 01:04,,,,,,-0.06718,51.514968,-0.06718,51.514968,0,,,,,,,
16084,540,624,10/03/2020 01:51,,,10/03/2020 01:51,,,,,,-0.060332,51.414252,-0.060332,51.414252,1232.455692,,,,,,,
16085,1020,625,10/03/2020 07:44,,,10/03/2020 07:44,,,,,,0.343499,51.634216,0.343499,51.634216,1368.741145,,,,,,,
16086,720,626,10/03/2020 07:55,,,10/03/2020 07:55,,,,,,0.038722,51.542905,0.008989,51.537846,0,,,,,,,
16092,4440,627,10/03/2020 07:59,,,10/03/2020 07:59,,,,,,-0.094288,51.566622,-0.094288,51.566622,0,,,,,,,
16104,1680,628,10/03/2020 08:09,,,10/03/2020 08:09,,,,,,-0.170737,51.46676,-0.170737,51.46676,1829.366014,,,,,,,
16114,3900,629,10/03/2020 08:22,,,10/03/2020 08:22,,,,,,-0.003798,51.542566,-0.003798,51.542566,0,,,,,,,
16122,1860,630,10/03/2020 08:41,,,10/03/2020 08:41,,,,,,0.068976,51.475175,0.068976,51.475175,419.8341762,,,,,,,
16123,1260,631,10/03/2020 08:42,,,10/03/2020 08:42,,,,,,-0.237993,51.535413,-0.237993,51.535413,5846.965465,,,,,,,
16124,1380,632,10/03/2020 08:46,,,10/03/2020 08:46,,,,,,-0.169455,51.477331,-0.169455,51.477331,1777.419755,,,,,,,
16125,3300,633,10/03/2020 08:48,,,10/03/2020 08:48,,,,,,-0.07742,51.529063,-0.07742,51.529063,0,,,,,,,
16126,2280,634,10/03/2020 08:55,,,10/03/2020 08:55,,,,,,-0.117302,51.461798,-0.117302,51.4618,0,,,,,,,
16156,1320,635,10/03/2020 09:23,,,10/03/2020 09:23,,,,,,-0.083031,51.531006,-0.083031,51.531006,2155.302401,,,,,,,
16162,660,636,10/03/2020 09:55,,,10/03/2020 09:55,,,,,,-0.09019,51.524421,-0.09019,51.524421,2352.299605,,,,,,,
16163,600,637,10/03/2020 10:21,,,10/03/2020 10:21,,,,,,-0.22447,51.507279,-0.22447,51.507279,2633.424081,,,,,,,
16164,600,638,10/03/2020 10:24,,,10/03/2020 10:24,,,,,,-0.231737,51.491236,-0.231737,51.491236,2182.946733,,,,,,,
16165,840,639,10/03/2020 10:50,,,10/03/2020 10:50,,,,,,-0.006732,51.454902,-0.006732,51.454902,2151.225975,,,,,,,
16166,900,640,10/03/2020 11:09,,,10/03/2020 11:09,,,,,,-0.240307,51.494731,-0.093657,51.490383,2860.881406,,,,,,,
16190,900,641,10/03/2020 11:21,,,10/03/2020 11:21,,,,,,-0.223392,51.492272,-0.223392,51.492272,1498.750761,,,,,,,
16220,1200,642,10/03/2020 11:54,,,10/03/2020 11:54,,,,,,-0.108875,51.343937,-0.108875,51.343937,3372.382656,,,,,,,
16229,660,643,10/03/2020 12:00,,,10/03/2020 12:00,,,,,,-0.099745,51.515696,-0.099745,51.515696,2208.819633,,,,,,,
16234,1440,644,10/03/2020 12:16,,,10/03/2020 12:16,,,,,,-0.004258,51.536623,-0.004258,51.536623,1217.716526,,,,,,,
16241,660,645,10/03/2020 12:32,,,10/03/2020 12:32,,,,,,-0.128114,51.578468,-0.116331,51.556187,1393.00714,,,,,,,
16354,120,646,10/03/2020 13:21,,,10/03/2020 13:21,,,,,,-0.098952,51.523762,-0.098952,51.523762,342.0790639,,,,,,,
16389,3480,647,10/03/2020 13:34,,,10/03/2020 13:34,,,,,,-0.182138,51.600358,-0.182138,51.600358,1347.657955,,,,,,,
16399,3960,648,10/03/2020 13:43,,,10/03/2020 13:43,,,,,,-0.093657,51.490384,-0.093657,51.490383,2103.367066,,,,,,,
16411,3660,649,10/03/2020 13:58,,,10/03/2020 13:58,,,,,,-0.103469,51.51625,-0.103469,51.51625,1567.827771,,,,,,,
16412,5220,650,10/03/2020 14:02,,,10/03/2020 14:02,,,,,,-0.205859,51.461035,-0.205859,51.461035,2492.548463,,,,,,,
16413,1080,651,10/03/2020 14:03,,,10/03/2020 14:03,,,,,,-0.205872,51.461059,-0.205872,51.461059,3631.014567,,,,,,,
16414,840,652,10/03/2020 14:03,,,10/03/2020 14:03,,,,,,-0.205863,51.461077,-0.205863,51.461077,1982.40135,,,,,,,
16415,540,653,10/03/2020 14:04,,,10/03/2020 14:04,,,,,,-0.205871,51.46119,-0.205871,51.46119,1829.366014,,,,,,,
16416,1380,654,10/03/2020 14:04,,,10/03/2020 14:04,,,,,,-0.205849,51.461129,-0.205849,51.461129,1368.741145,,,,,,,
16417,540,655,10/03/2020 14:06,,,10/03/2020 14:06,,,,,,-0.206505,51.461116,-0.206505,51.461116,1498.750761,,,,,,,
16418,720,656,10/03/2020 14:06,,,10/03/2020 14:06,,,,,,-0.206658,51.461044,-0.206658,51.461044,2356.724877,,,,,,,
16419,2400,657,10/03/2020 15:12,,,10/03/2020 15:12,,,,,,-0.056424,51.424106,-0.056424,51.424106,342.0790639,,,,,,,
16420,780,658,10/03/2020 15:26,,,10/03/2020 15:26,,,,,,-0.08416,51.531061,-0.08416,51.531061,1567.827771,,,,,,,
16421,4980,659,10/03/2020 15:39,,,10/03/2020 15:39,,,,,,-0.488628,51.471726,-0.488628,51.471726,2091.227707,,,,,,,
16422,2160,660,10/03/2020 15:39,,,10/03/2020 15:39,,,,,,-0.10019,51.504831,-0.100284,51.50499,1829.366014,,,,,,,
16436,1680,661,10/03/2020 15:49,,,10/03/2020 15:49,,,,,,-0.079297,51.48849,-0.079297,51.48849,0,,,,,,,
16438,5460,662,10/03/2020 15:59,,,10/03/2020 15:59,,,,,,-0.093277,51.522793,-0.093277,51.522793,342.0790639,,,,,,,
16439,540,663,10/03/2020 16:47,,,10/03/2020 16:47,,,,,,-0.100409,51.504814,-0.100409,51.504814,1626.971757,,,,,,,
16440,3540,664,10/03/2020 16:47,,,10/03/2020 16:47,,,,,,-0.100409,51.504814,-0.100409,51.504814,809.9764314,,,,,,,
16442,1200,665,10/03/2020 16:48,,,10/03/2020 16:48,,,,,,-0.100409,51.504814,-0.100409,51.504814,3092.977316,,,,,,,
16443,1260,666,10/03/2020 16:49,,,10/03/2020 16:49,,,,,,-0.100409,51.504814,-0.100409,51.504814,3934.617724,,,,,,,
16444,4920,667,10/03/2020 16:49,,,10/03/2020 16:49,,,,,,-0.100409,51.504814,-0.100409,51.504814,2492.548463,,,,,,,
16445,1380,668,10/03/2020 16:50,,,10/03/2020 16:50,,,,,,-0.100409,51.504814,-0.100409,51.504814,0,,,,,,,
16446,480,669,10/03/2020 16:50,,,10/03/2020 16:50,,,,,,-0.100409,51.504814,-0.100409,51.504814,1393.00714,,,,,,,
16447,1080,670,10/03/2020 16:50,,,10/03/2020 16:50,,,,,,-0.100409,51.504814,-0.100409,51.504814,1217.716526,,,,,,,
16448,420,671,10/03/2020 16:51,,,10/03/2020 16:51,,,,,,-0.100409,51.504814,-0.100409,51.504814,1089.057814,,,,,,,
16450,2280,672,10/03/2020 16:52,,,10/03/2020 16:52,,,,,,-0.100095,51.522412,-0.100095,51.522412,0,,,,,,,
16451,3060,673,10/03/2020 17:01,,,10/03/2020 17:01,,,,,,-0.143173,51.595113,-0.143173,51.595113,1217.716526,,,,,,,
16452,540,674,10/03/2020 17:04,,,10/03/2020 17:04,,,,,,-0.141557,51.540024,-0.141557,51.540024,1274.873793,,,,,,,
16453,1440,675,10/03/2020 17:05,,,10/03/2020 17:05,,,,,,-0.188664,51.389001,-0.188664,51.389001,342.0790639,,,,,,,
16454,900,676,10/03/2020 17:52,,,10/03/2020 17:52,,,,,,-0.117128,51.512828,-0.117128,51.512828,873.4714024,,,,,,,
16455,2280,677,10/03/2020 17:53,,,10/03/2020 17:53,,,,,,-0.16268,51.497995,-0.16268,51.497995,0,,,,,,,
16456,1260,678,10/03/2020 17:55,,,10/03/2020 17:55,,,,,,-0.219299,51.504315,-0.219299,51.504315,1217.716526,,,,,,,
16457,840,679,10/03/2020 18:01,,,10/03/2020 18:01,,,,,,-0.21406,51.460307,-0.21406,51.460307,1368.741145,,,,,,,
16458,2100,680,10/03/2020 18:08,,,10/03/2020 18:08,,,,,,-0.08755,51.505211,-0.143846,51.463165,0,,,,,,,
16459,1260,681,10/03/2020 18:09,,,10/03/2020 18:09,,,,,,-0.4111,51.703056,-0.4111,51.703056,3861.707342,,,,,,,
16478,3000,682,10/03/2020 18:22,,,10/03/2020 18:22,,,,,,-0.416052,51.463751,-0.416052,51.463751,0,,,,,,,
16480,1260,683,10/03/2020 18:30,,,10/03/2020 18:30,,,,,,-0.111173,51.528003,-0.111173,51.528003,4440.820651,,,,,,,
16481,900,684,10/03/2020 18:32,,,10/03/2020 18:32,,,,,,-0.099154,51.523949,-0.099154,51.523949,3074.195485,,,,,,,
16504,1200,685,10/03/2020 18:43,,,10/03/2020 18:43,,,,,,-0.106682,51.619768,-0.106682,51.619768,2492.548463,,,,,,,
16519,780,686,10/03/2020 18:50,,,10/03/2020 18:50,,,,,,-0.083913,51.504131,-0.083913,51.504131,342.0790639,,,,,,,
16531,1260,687,10/03/2020 18:56,,,10/03/2020 18:56,,,,,,-0.129802,51.516584,-0.129802,51.516584,4116.861696,,,,,,,
16606,4380,688,10/03/2020 20:03,,,10/03/2020 20:03,,,,,,-0.109423,51.343954,-0.109423,51.343954,2103.367066,,,,,,,
16607,2460,689,10/03/2020 20:06,,,10/03/2020 20:06,,,,,,-0.032395,51.532391,-0.032395,51.532391,342.0790639,,,,,,,
16612,1020,690,10/03/2020 20:28,,,10/03/2020 20:28,,,,,,-0.115758,51.506277,-0.115758,51.506277,0,,,,,,,
16613,3300,691,10/03/2020 20:50,,,10/03/2020 20:50,,,,,,-0.473872,51.454357,-0.473872,51.454357,0,,,,,,,
16614,1380,692,10/03/2020 23:11,,,10/03/2020 23:11,,,,,,-0.194907,51.569307,-0.194907,51.569307,809.9764314,,,,,,,
16615,1680,693,10/03/2020 23:26,,,10/03/2020 23:26,,,,,,-0.126644,51.333991,-0.126644,51.333991,0,,,,,,,
16616,540,694,11/03/2020 00:55,,,11/03/2020 00:55,,,,,,-0.116513,51.53641,-0.116513,51.53641,1670.623946,,,,,,,
16617,420,695,11/03/2020 00:58,,,11/03/2020 00:58,,,,,,-0.116717,51.536245,-0.116717,51.536245,1261.004754,,,,,,,
16618,480,696,11/03/2020 05:23,,,11/03/2020 05:23,,,,,,-0.01908,51.433198,-0.01908,51.433198,1089.057814,,,,,,,
16619,1440,697,11/03/2020 06:45,,,11/03/2020 06:45,,,,,,-0.380381,51.498839,-0.380381,51.498839,1746.726826,,,,,,,
16620,1860,698,11/03/2020 07:23,,,11/03/2020 07:23,,,,,,-0.380381,51.498839,-0.380381,51.498839,0,,,,,,,
16621,720,699,11/03/2020 07:32,,,11/03/2020 07:32,,,,,,0.084635,51.594589,0.084635,51.594589,1329.105606,,,,,,,
16622,3120,700,11/03/2020 07:34,,,11/03/2020 07:34,,,,,,-0.181516,51.599735,-0.181516,51.599735,0,,,,,,,
16623,1080,701,11/03/2020 07:44,,,11/03/2020 07:44,,,,,,-0.132214,51.4618,-0.132214,51.4618,2817.84215,,,,,,,
16624,3960,702,11/03/2020 07:49,,,11/03/2020 07:49,,,,,,-0.182936,51.474174,-0.060895,51.518173,342.0790639,,,,,,,
16630,840,703,11/03/2020 07:54,,,11/03/2020 07:54,,,,,,0.343288,51.63413,0.343288,51.63413,2628.500257,,,,,,,
16633,2220,704,11/03/2020 07:55,,,11/03/2020 07:55,,,,,,0.038736,51.542912,0.009713,51.537243,1028.32452,,,,,,,
16636,1680,705,11/03/2020 07:56,,,11/03/2020 07:56,,,,,,-0.420853,51.522472,-0.420853,51.522472,0,,,,,,,
16672,1080,706,11/03/2020 08:06,,,11/03/2020 08:06,,,,,,-0.094345,51.566593,-0.094345,51.566593,2182.946733,,,,,,,
16680,1320,707,11/03/2020 08:07,,,11/03/2020 08:07,,,,,,-0.170876,51.466536,-0.170876,51.466536,0,,,,,,,
16685,1380,708,11/03/2020 08:09,,,11/03/2020 08:09,,,,,,-0.338293,51.494316,-0.338293,51.494316,0,,,,,,,
16759,1260,709,11/03/2020 08:36,,,11/03/2020 08:36,,,,,,-0.117288,51.461795,-0.087536,51.505386,1746.726826,,,,,,,
16773,3480,710,11/03/2020 08:40,,,11/03/2020 08:40,,,,,,-0.237809,51.535332,-0.237809,51.535332,1347.657955,,,,,,,
16783,1740,711,11/03/2020 08:46,,,11/03/2020 08:46,,,,,,-0.169206,51.477125,-0.169206,51.477125,1526.971221,,,,,,,
16786,1200,712,11/03/2020 08:51,,,11/03/2020 08:51,,,,,,-0.077351,51.528986,-0.077351,51.528986,0,,,,,,,
16832,4140,713,11/03/2020 09:25,,,11/03/2020 09:25,,,,,,0.033204,51.54682,0.025513,51.546524,419.8341762,,,,,,,
16846,2100,714,11/03/2020 09:31,,,11/03/2020 09:31,,,,,,-0.121834,51.462811,-0.121834,51.462811,0,,,,,,,
16877,2460,715,11/03/2020 10:06,,,11/03/2020 10:06,,,,,,-0.144652,51.398208,-0.144652,51.398208,342.0790639,,,,,,,
16878,840,716,11/03/2020 10:07,,,11/03/2020 10:07,,,,,,0.504923,51.388279,0.504923,51.388279,1662.071439,,,,,,,
16880,2280,717,11/03/2020 10:11,,,11/03/2020 10:11,,,,,,-0.171427,51.469559,-0.171427,51.469559,1028.32452,,,,,,,
16894,480,718,11/03/2020 10:35,,,11/03/2020 10:35,,,,,,-0.479093,51.547409,-0.479093,51.547409,1393.00714,,,,,,,
16912,420,719,11/03/2020 11:15,,,11/03/2020 11:15,,,,,,-0.060258,51.414292,-0.060258,51.414292,1089.057814,,,,,,,
16916,1980,720,11/03/2020 11:31,,,11/03/2020 11:31,,,,,,-0.099947,51.51639,-0.099947,51.51639,342.0790639,,,,,,,
16920,1680,721,11/03/2020 11:35,,,11/03/2020 11:35,,,,,,-0.083219,51.530986,-0.083219,51.530986,1829.366014,,,,,,,
16927,4320,722,11/03/2020 12:19,,,11/03/2020 12:19,,,,,,-0.082422,51.491834,-0.082422,51.491834,0,,,,,,,
16928,3780,723,11/03/2020 12:37,,,11/03/2020 12:37,,,,,,-0.321268,51.578006,-0.320578,51.578121,0,,,,,,,
16942,1680,724,11/03/2020 12:48,,,11/03/2020 12:48,,,,,,-0.23281,51.492105,-0.23281,51.492105,2492.548463,,,,,,,
16961,2760,725,11/03/2020 12:59,,,11/03/2020 12:59,,,,,,-0.102192,51.522942,-0.102192,51.522942,2492.548463,,,,,,,
16968,2220,726,11/03/2020 13:07,,,11/03/2020 13:07,,,,,,-0.130092,51.516226,-0.130092,51.516226,2140.704744,,,,,,,
16985,300,727,11/03/2020 13:26,,,11/03/2020 13:26,,,,,,-0.008156,51.544208,-0.008156,51.544208,794.9956403,,,,,,,
16988,2520,728,11/03/2020 13:30,,,11/03/2020 13:30,,,,,,-0.329755,51.445474,-0.329755,51.445474,0,,,,,,,
17003,71400,729,11/03/2020 13:53,,,11/03/2020 13:53,,,,,,-0.103545,51.513633,-0.103545,51.513633,2151.225975,,,,,,,
17004,600,730,11/03/2020 14:11,,,11/03/2020 14:11,,,,,,-0.321268,51.578005,-0.320841,51.601547,2208.819633,,,,,,,
17010,1860,731,11/03/2020 14:14,,,11/03/2020 14:14,,,,,,-0.123464,51.530188,-0.123464,51.530188,1217.716526,,,,,,,
17031,1920,732,11/03/2020 14:24,,,11/03/2020 14:24,,,,,,-0.107532,51.599651,-0.107532,51.599651,342.0790639,,,,,,,
17037,1320,733,11/03/2020 14:27,,,11/03/2020 14:27,,,,,,-0.100405,51.504996,-0.100405,51.504996,1829.366014,,,,,,,
17077,3060,734,11/03/2020 14:48,,,11/03/2020 14:48,,,,,,-0.237772,51.535362,-0.237772,51.535362,0,,,,,,,
17080,480,735,11/03/2020 14:49,,,11/03/2020 14:49,,,,,,-0.019451,51.456651,-0.019451,51.456651,1028.32452,,,,,,,
17082,660,736,11/03/2020 15:24,,,11/03/2020 15:24,,,,,,-0.036895,51.46582,-0.036895,51.46582,2249.04117,,,,,,,
17083,4380,737,11/03/2020 15:34,,,11/03/2020 15:34,,,,,,-0.422626,51.446231,-0.422626,51.446231,2103.367066,,,,,,,
17084,3960,738,11/03/2020 15:34,,,11/03/2020 15:34,,,,,,-0.311444,51.594118,-0.321252,51.578007,0,,,,,,,
17089,1680,739,11/03/2020 15:36,,,11/03/2020 15:36,,,,,,-0.172736,51.494292,-0.172736,51.494292,0,,,,,,,
17126,1680,740,11/03/2020 16:00,,,11/03/2020 16:00,,,,,,0.068875,51.475157,0.068875,51.475157,4771.63011,,,,,,,
17128,4620,741,11/03/2020 16:02,,,11/03/2020 16:02,,,,,,-0.109915,51.3436,-0.109915,51.3436,1829.366014,,,,,,,
17141,540,742,11/03/2020 16:18,,,11/03/2020 16:18,,,,,,-0.105997,51.53289,-0.105997,51.53289,1622.28701,,,,,,,
17166,1680,743,11/03/2020 16:59,,,11/03/2020 16:59,,,,,,-0.128272,51.511419,-0.128272,51.511419,0,,,,,,,
17167,1140,744,11/03/2020 17:02,,,11/03/2020 17:02,,,,,,-0.218381,51.461121,-0.218381,51.461121,4870.470628,,,,,,,
17168,540,745,11/03/2020 17:14,,,11/03/2020 17:14,,,,,,-0.10268,51.511803,-0.10268,51.511803,1217.716526,,,,,,,
17169,1260,746,11/03/2020 17:28,,,11/03/2020 17:28,,,,,,-0.234879,51.536498,-0.234879,51.536498,5256.735669,,,,,,,
17170,1380,747,11/03/2020 17:53,,,11/03/2020 17:53,,,,,,-0.167253,51.493375,-0.167253,51.493375,2918.329867,,,,,,,
17171,4500,748,11/03/2020 18:10,,,11/03/2020 18:10,,,,,,-0.323873,51.448471,-0.323873,51.448471,1829.366014,,,,,,,
17172,840,749,11/03/2020 18:25,,,11/03/2020 18:25,,,,,,-0.078836,51.520369,-0.078836,51.520369,1368.741145,,,,,,,
17173,1080,750,11/03/2020 18:26,,,11/03/2020 18:26,,,,,,-0.118715,51.520005,-0.118715,51.520005,1368.741145,,,,,,,
17174,2580,751,11/03/2020 18:59,,,11/03/2020 18:59,,,,,,0.01508,51.443262,0.01508,51.443262,0,,,,,,,
17175,2400,752,11/03/2020 19:03,,,11/03/2020 19:03,,,,,,-0.077604,51.529069,-0.077604,51.529069,342.0790639,,,,,,,
17176,1200,753,11/03/2020 19:05,,,11/03/2020 19:05,,,,,,-0.115881,51.506287,-0.115881,51.506287,1217.716526,,,,,,,
17177,1080,754,11/03/2020 19:28,,,11/03/2020 19:28,,,,,,-0.104592,51.51499,-0.104592,51.51499,3372.382656,,,,,,,
17178,1680,755,11/03/2020 20:10,,,11/03/2020 20:10,,,,,,-0.093921,51.376261,-0.161894,51.405613,0,,,,,,,
17180,540,756,11/03/2020 20:11,,,11/03/2020 20:11,,,,,,-0.223732,51.509394,-0.223732,51.509394,1982.40135,,,,,,,
17197,240,757,11/03/2020 20:26,,,11/03/2020 20:26,,,,,,0.000442,51.437785,0.000442,51.437785,834.9431793,,,,,,,
17225,2160,758,11/03/2020 20:58,,,11/03/2020 20:58,,,,,,-0.900062,52.214973,-0.900938,52.236149,2140.704744,,,,,,,
17434,3300,759,12/03/2020 05:27,,,12/03/2020 05:27,,,,,,-0.035223,51.492192,-0.035223,51.492192,0,,,,,,,
17435,1320,760,12/03/2020 05:45,,,12/03/2020 05:45,,,,,,-0.06905,51.413563,-0.06905,51.413563,2021.6542,,,,,,,
17436,3000,761,12/03/2020 07:38,,,12/03/2020 07:38,,,,,,0.343481,51.634243,0.343481,51.634243,1217.716526,,,,,,,
17437,1080,762,12/03/2020 07:42,,,12/03/2020 07:42,,,,,,-0.473702,51.454214,-0.473702,51.454214,2477.562494,,,,,,,
17438,2160,763,12/03/2020 07:53,,,12/03/2020 07:53,,,,,,-0.182935,51.474184,-0.07198,51.51524,0,,,,,,,
17440,4200,764,12/03/2020 07:54,,,12/03/2020 07:54,,,,,,-0.169306,51.477161,-0.169306,51.477161,0,,,,,,,
17443,1140,765,12/03/2020 07:55,,,12/03/2020 07:55,,,,,,-0.420841,51.5225,-0.420841,51.5225,3503.272477,,,,,,,
17446,2820,766,12/03/2020 07:56,,,12/03/2020 07:56,,,,,,0.03867,51.542906,0.006053,51.533901,0,,,,,,,
17468,1260,767,12/03/2020 08:02,,,12/03/2020 08:02,,,,,,-0.006657,51.454847,-0.006657,51.454847,4870.470628,,,,,,,
17496,600,768,12/03/2020 08:11,,,12/03/2020 08:11,,,,,,0.068962,51.475169,0.068962,51.475169,1555.115101,,,,,,,
17501,1440,769,12/03/2020 08:12,,,12/03/2020 08:12,,,,,,-0.169943,51.465976,-0.169943,51.465976,4136.133639,,,,,,,
17513,1680,770,12/03/2020 08:16,,,12/03/2020 08:16,,,,,,-0.094186,51.566611,-0.094186,51.566611,1210.35777,,,,,,,
17569,1740,771,12/03/2020 08:33,,,12/03/2020 08:33,,,,,,-0.117373,51.46193,-0.087645,51.505051,3503.272477,,,,,,,
17675,2820,772,12/03/2020 09:34,,,12/03/2020 09:34,,,,,,-0.181427,51.599651,-0.181427,51.599651,0,,,,,,,
17689,720,773,12/03/2020 10:01,,,12/03/2020 10:01,,,,,,-0.121791,51.462843,-0.121791,51.462843,1844.089872,,,,,,,
17700,2520,774,12/03/2020 10:39,,,12/03/2020 10:39,,,,,,-0.013249,51.449566,-0.013249,51.449566,0,,,,,,,
17701,900,775,12/03/2020 10:52,,,12/03/2020 10:52,,,,,,-0.171671,51.469581,-0.171671,51.469581,1368.741145,,,,,,,
17702,660,776,12/03/2020 11:36,,,12/03/2020 11:36,,,,,,-0.100137,51.515769,-0.100137,51.515769,1626.971757,,,,,,,
17703,2460,777,12/03/2020 11:44,,,12/03/2020 11:44,,,,,,-0.004267,51.536628,-0.004267,51.536628,0,,,,,,,
17704,360,778,12/03/2020 13:10,,,12/03/2020 13:10,,,,,,-0.133618,51.516172,-0.133618,51.516172,1498.750761,,,,,,,
17705,1320,779,12/03/2020 14:13,,,12/03/2020 14:13,,,,,,-0.330218,51.44555,-0.330218,51.44555,0,,,,,,,
17706,1860,780,12/03/2020 15:14,,,12/03/2020 15:14,,,,,,-0.144811,51.399818,-0.144811,51.399818,1670.623946,,,,,,,
17707,1020,781,12/03/2020 16:01,,,12/03/2020 16:01,,,,,,-0.076823,51.535808,-0.076823,51.535808,1971.468992,,,,,,,
17708,1140,782,12/03/2020 16:07,,,12/03/2020 16:07,,,,,,-0.100845,51.521805,-0.100845,51.521805,2881.715243,,,,,,,
17709,1080,783,12/03/2020 16:12,,,12/03/2020 16:12,,,,,,-0.330211,51.445575,-0.330211,51.445575,1368.741145,,,,,,,
17710,2160,784,12/03/2020 16:12,,,12/03/2020 16:12,,,,,,-0.107544,51.599676,-0.107544,51.599676,3904.990202,,,,,,,
17711,120,785,12/03/2020 16:12,,,12/03/2020 16:12,,,,,,-0.194523,51.572006,-0.194523,51.572006,342.0790639,,,,,,,
17712,2400,786,12/03/2020 16:34,,,12/03/2020 16:34,,,,,,-0.218376,51.46113,-0.218376,51.46113,342.0790639,,,,,,,
17713,900,787,12/03/2020 16:39,,,12/03/2020 16:39,,,,,,-0.109403,51.343976,-0.109403,51.343976,2517.233577,,,,,,,
17714,3540,788,12/03/2020 16:55,,,12/03/2020 16:55,,,,,,-0.308277,51.456918,-0.308277,51.456918,2477.562494,,,,,,,
17715,1140,789,12/03/2020 17:00,,,12/03/2020 17:00,,,,,,-0.422558,51.446224,-0.422558,51.446224,1368.741145,,,,,,,
17716,1680,790,12/03/2020 17:15,,,12/03/2020 17:15,,,,,,-0.089731,51.623385,-0.089731,51.623385,2492.548463,,,,,,,
17717,3480,791,12/03/2020 17:19,,,12/03/2020 17:19,,,,,,-0.121888,51.462825,-0.121888,51.462825,0,,,,,,,
17718,1320,792,12/03/2020 17:31,,,12/03/2020 17:31,,,,,,-0.166582,51.493613,-0.166582,51.493613,1555.115101,,,,,,,
17719,1380,793,12/03/2020 18:19,,,12/03/2020 18:19,,,,,,-0.129741,51.516609,-0.129741,51.516609,1583.120518,,,,,,,
17720,7080,794,12/03/2020 18:30,,,12/03/2020 18:30,,,,,,-0.237827,51.535399,-0.237827,51.535399,132.7924149,,,,,,,
17721,6060,795,12/03/2020 19:05,,,12/03/2020 19:05,,,,,,-0.099093,51.52388,-0.099093,51.52388,0,,,,,,,
17722,1200,796,12/03/2020 19:35,,,12/03/2020 19:35,,,,,,-0.047145,51.512368,-0.047145,51.512368,1217.716526,,,,,,,
17723,840,797,12/03/2020 19:52,,,12/03/2020 19:52,,,,,,-0.896189,52.217542,-0.896864,52.225182,0,,,,,,,
17861,900,798,12/03/2020 21:18,,,12/03/2020 21:18,,,,,,-0.113533,51.503364,-0.113533,51.503364,1498.750761,,,,,,,
17865,7080,799,12/03/2020 21:23,,,12/03/2020 21:23,,,,,,-0.013152,51.449541,-0.013152,51.449541,1982.40135,,,,,,,
17866,1020,800,12/03/2020 21:23,,,12/03/2020 21:23,,,,,,-0.193264,51.492027,-0.193264,51.492027,2182.946733,,,,,,,
17868,1920,801,12/03/2020 21:25,,,12/03/2020 21:25,,,,,,-0.171371,51.469493,-0.171371,51.469493,342.0790639,,,,,,,
17922,1140,802,12/03/2020 21:58,,,12/03/2020 21:58,,,,,,-0.017886,51.433027,-0.017886,51.433027,3481.961473,,,,,,,
17950,1080,803,12/03/2020 22:36,,,12/03/2020 22:36,,,,,,-0.033791,51.431035,-0.033791,51.431035,1368.741145,,,,,,,
18019,6300,804,12/03/2020 23:40,,,12/03/2020 23:40,,,,,,-0.129867,51.42368,-0.129867,51.42368,1746.726826,,,,,,,
18021,480,805,13/03/2020 07:50,,,13/03/2020 07:50,,,,,,0.343396,51.63416,0.343396,51.63416,1829.366014,,,,,,,
18022,1020,806,13/03/2020 08:20,,,13/03/2020 08:20,,,,,,-0.09462,51.566862,-0.09462,51.566862,3703.676124,,,,,,,
18023,2100,807,13/03/2020 08:25,,,13/03/2020 08:25,,,,,,-0.063345,51.54056,-0.063345,51.54056,0,,,,,,,
18024,8520,808,13/03/2020 09:05,,,13/03/2020 09:05,,,,,,-0.330196,51.44553,-0.330196,51.44553,1982.40135,,,,,,,
18025,4740,809,13/03/2020 09:29,,,13/03/2020 09:29,,,,,,-0.121838,51.462817,-0.121838,51.462817,0,,,,,,,
18026,1200,810,13/03/2020 09:55,,,13/03/2020 09:55,,,,,,-0.231789,51.491258,-0.231789,51.491258,0,,,,,,,
18027,1380,811,13/03/2020 10:14,,,13/03/2020 10:14,,,,,,-0.17166,51.469538,-0.17166,51.469538,2918.329867,,,,,,,
18028,2340,812,13/03/2020 11:15,,,13/03/2020 11:15,,,,,,-0.144803,51.399865,-0.144803,51.399865,342.0790639,,,,,,,
18029,1320,813,13/03/2020 11:55,,,13/03/2020 11:55,,,,,,0.068949,51.475165,0.068949,51.475165,1217.716526,,,,,,,
18030,10620,814,13/03/2020 12:01,,,13/03/2020 12:01,,,,,,-0.896189,52.217542,-0.893838,52.229958,951.8038923,,,,,,,
18084,1440,815,13/03/2020 13:06,,,13/03/2020 13:06,,,,,,-0.129804,51.516583,-0.129804,51.516583,4763.235159,,,,,,,
18166,6300,816,13/03/2020 13:57,,,13/03/2020 13:57,,,,,,-0.102236,51.509291,-0.102236,51.509291,1746.726826,,,,,,,
18301,2520,817,13/03/2020 15:27,,,13/03/2020 15:27,,,,,,-0.218832,51.5044,-0.218832,51.5044,1368.741145,,,,,,,
18371,3240,818,13/03/2020 16:07,,,13/03/2020 16:07,,,,,,-0.109421,51.343967,-0.109421,51.343967,0,,,,,,,
18382,1080,819,13/03/2020 16:29,,,13/03/2020 16:29,,,,,,-0.218048,51.46107,-0.218048,51.46107,2930.934769,,,,,,,
18384,3840,820,13/03/2020 16:30,,,13/03/2020 16:30,,,,,,-0.121867,51.462891,-0.121867,51.462891,0,,,,,,,
18410,360,821,13/03/2020 16:51,,,13/03/2020 16:51,,,,,,0.033194,51.546819,0.033188,51.546814,794.9956403,,,,,,,
18414,420,822,13/03/2020 16:52,,,13/03/2020 16:52,,,,,,-0.013213,51.449555,-0.013213,51.449555,1232.455692,,,,,,,
18420,3060,823,13/03/2020 17:10,,,13/03/2020 17:10,,,,,,-0.15385,51.432963,-0.15385,51.432963,1217.716526,,,,,,,
18469,1920,824,13/03/2020 17:43,,,13/03/2020 17:43,,,,,,-0.129801,51.516584,-0.129801,51.516584,2492.548463,,,,,,,
18498,3000,825,13/03/2020 18:00,,,13/03/2020 18:00,,,,,,-0.100437,51.504808,-0.100437,51.504808,0,,,,,,,
18519,2220,826,13/03/2020 18:11,,,13/03/2020 18:11,,,,,,-0.89576,52.228624,-0.900042,52.214962,2140.704744,,,,,,,
18538,1200,827,13/03/2020 18:20,,,13/03/2020 18:20,,,,,,-0.098519,51.523257,-0.098519,51.523257,1751.973528,,,,,,,
18568,2220,828,13/03/2020 18:50,,,13/03/2020 18:50,,,,,,-0.106808,51.619715,-0.106808,51.619715,1829.366014,,,,,,,
18603,1440,829,13/03/2020 20:22,,,13/03/2020 20:22,,,,,,-0.110104,51.372025,-0.110104,51.372025,3904.990202,,,,,,,
18604,3480,830,13/03/2020 21:04,,,13/03/2020 21:04,,,,,,-0.024145,51.477656,-0.024145,51.477656,0,,,,,,,
18605,2340,831,13/03/2020 23:08,,,13/03/2020 23:08,,,,,,0.000519,51.437818,0.000519,51.437818,1746.726826,,,,,,,
18606,840,832,13/03/2020 23:12,,,13/03/2020 23:12,,,,,,-0.138708,51.450481,-0.138708,51.450481,1662.071439,,,,,,,
18607,1440,833,14/03/2020 07:54,,,14/03/2020 07:54,,,,,,-0.153153,51.443246,-0.153153,51.443246,1777.419755,,,,,,,
18608,900,834,14/03/2020 08:57,,,14/03/2020 08:57,,,,,,-0.060392,51.414282,-0.060392,51.414282,2860.881406,,,,,,,
18609,840,835,14/03/2020 10:03,,,14/03/2020 10:03,,,,,,0.053299,51.532893,0.053299,51.532893,2860.881406,,,,,,,
18610,1920,836,14/03/2020 10:58,,,14/03/2020 10:58,,,,,,-0.047763,51.475266,-0.047763,51.475266,1368.741145,,,,,,,
18612,2760,837,14/03/2020 11:19,,,14/03/2020 11:19,,,,,,-0.109449,51.343982,-0.109449,51.343982,2492.548463,,,,,,,
18613,1440,838,14/03/2020 11:52,,,14/03/2020 11:52,,,,,,-0.060396,51.414245,-0.060396,51.414245,3904.990202,,,,,,,
18614,3840,839,14/03/2020 11:56,,,14/03/2020 11:56,,,,,,-0.060396,51.414245,-0.060396,51.414245,0,,,,,,,
18615,1980,840,14/03/2020 12:05,,,14/03/2020 12:05,,,,,,-0.117358,51.461884,-0.116309,51.463226,342.0790639,,,,,,,
18625,3360,841,14/03/2020 12:29,,,14/03/2020 12:29,,,,,,-0.284894,51.598142,-0.284894,51.598142,1829.366014,,,,,,,
18626,3780,842,14/03/2020 12:32,,,14/03/2020 12:32,,,,,,-0.284894,51.598142,-0.284894,51.598142,0,,,,,,,
18632,2880,843,14/03/2020 12:40,,,14/03/2020 12:40,,,,,,0.071655,51.542471,0.071655,51.542471,0,,,,,,,
18634,5460,844,14/03/2020 12:46,,,14/03/2020 12:46,,,,,,-0.222552,51.533393,-0.222552,51.533393,2565.029081,,,,,,,
18637,4380,845,14/03/2020 12:50,,,14/03/2020 12:50,,,,,,-0.337,51.447946,-0.336905,51.447906,0,,,,,,,
18655,1380,846,14/03/2020 13:00,,,14/03/2020 13:00,,,,,,-0.070948,51.496335,-0.070948,51.496335,1368.741145,,,,,,,
18673,2760,847,14/03/2020 13:18,,,14/03/2020 13:18,,,,,,-0.047531,51.475204,-0.047531,51.475204,276.7299579,,,,,,,
18689,1560,848,14/03/2020 13:37,,,14/03/2020 13:37,,,,,,-0.124726,51.389762,-0.124726,51.389762,1368.741145,,,,,,,
18703,300,849,14/03/2020 13:50,,,14/03/2020 13:50,,,,,,-0.111411,51.462327,-0.114298,51.461666,1053.798685,,,,,,,
18704,2340,850,14/03/2020 13:51,,,14/03/2020 13:51,,,,,,-0.2294,51.583775,-0.2294,51.583775,342.0790639,,,,,,,
18713,360,851,14/03/2020 14:11,,,14/03/2020 14:11,,,,,,-0.321268,51.578005,-0.371429,51.590664,342.0790639,,,,,,,
18799,5940,852,14/03/2020 14:50,,,14/03/2020 14:50,,,,,,0.003764,51.566593,0.003764,51.566593,1295.320194,,,,,,,
18830,1860,853,14/03/2020 15:14,,,14/03/2020 15:14,,,,,,-0.00449,51.536621,-0.00449,51.536621,342.0790639,,,,,,,
18831,2640,854,14/03/2020 15:21,,,14/03/2020 15:21,,,,,,-0.169292,51.513018,-0.169292,51.513018,0,,,,,,,
18832,900,855,14/03/2020 15:40,,,14/03/2020 15:40,,,,,,-0.100753,51.578748,-0.100753,51.578748,1498.750761,,,,,,,
18833,2400,856,14/03/2020 15:43,,,14/03/2020 15:43,,,,,,-0.080682,51.376879,-0.080682,51.376879,0,,,,,,,
18834,1200,857,14/03/2020 16:04,,,14/03/2020 16:04,,,,,,-0.235453,51.494106,-0.092786,51.521091,4763.235159,,,,,,,
18845,3960,858,14/03/2020 16:11,,,14/03/2020 16:11,,,,,,-0.015564,51.602385,-0.015564,51.602385,0,,,,,,,
18868,4260,859,14/03/2020 16:40,,,14/03/2020 16:40,,,,,,-0.222564,51.533377,-0.222564,51.533377,0,,,,,,,
18872,1380,860,14/03/2020 16:42,,,14/03/2020 16:42,,,,,,-0.189216,51.457934,-0.189216,51.457934,0,,,,,,,
18907,1380,861,14/03/2020 17:00,,,14/03/2020 17:00,,,,,,-0.35854,51.573326,-0.358495,51.573326,1829.366014,,,,,,,
18951,5940,862,14/03/2020 17:12,,,14/03/2020 17:12,,,,,,-0.24533,51.596764,-0.24533,51.596764,1279.641419,,,,,,,
18965,660,863,14/03/2020 17:16,,,14/03/2020 17:16,,,,,,-0.247217,51.503053,-0.247217,51.503053,514.3387893,,,,,,,
18974,1140,864,14/03/2020 17:25,,,14/03/2020 17:25,,,,,,-0.134998,51.535314,-0.134998,51.535314,2628.500257,,,,,,,
18976,540,865,14/03/2020 17:26,,,14/03/2020 17:26,,,,,,-0.134998,51.535314,-0.134998,51.535313,2208.819633,,,,,,,
18993,1080,866,14/03/2020 17:31,,,14/03/2020 17:31,,,,,,-0.239247,51.493506,-0.239247,51.493506,3813.912165,,,,,,,
19000,8460,867,14/03/2020 17:32,,,14/03/2020 17:32,,,,,,-0.134999,51.535312,-0.134999,51.535312,0,,,,,,,
19118,2100,868,14/03/2020 18:07,,,14/03/2020 18:07,,,,,,-0.119093,51.371885,-0.119093,51.371885,342.0790639,,,,,,,
19123,840,869,14/03/2020 18:10,,,14/03/2020 18:10,,,,,,-0.140802,51.45958,-0.140802,51.459579,2731.619124,,,,,,,
19218,960,870,14/03/2020 18:50,,,14/03/2020 18:50,,,,,,-0.398932,51.596625,-0.321301,51.578102,3372.382656,,,,,,,
19290,3480,871,14/03/2020 19:37,,,14/03/2020 19:37,,,,,,-0.085283,51.530872,-0.085283,51.530872,0,,,,,,,
19320,1200,872,14/03/2020 19:59,,,14/03/2020 19:59,,,,,,-0.098893,51.4952,-0.098893,51.4952,3092.977316,,,,,,,
19327,3000,873,14/03/2020 20:06,,,14/03/2020 20:06,,,,,,-0.117425,51.461919,-0.117425,51.461918,0,,,,,,,
19351,1020,874,14/03/2020 20:52,,,14/03/2020 20:52,,,,,,-0.1065,51.533465,-0.1065,51.533465,2140.704744,,,,,,,
19352,840,875,14/03/2020 20:54,,,14/03/2020 20:54,,,,,,-0.098274,51.520102,-0.098274,51.520103,951.8038923,,,,,,,
19354,0,876,14/03/2020 21:09,,,14/03/2020 21:09,,,,,,-0.041224,51.526284,-0.041224,51.526283,0,,,,,,,
19362,540,877,14/03/2020 21:42,,,14/03/2020 21:42,,,,,,-0.500268,51.643347,-0.500268,51.643349,1670.623946,,,,,,,
19364,1320,878,14/03/2020 22:15,,,14/03/2020 22:15,,,,,,-0.143795,51.463155,-0.114471,51.462246,5256.735669,,,,,,,
19377,1320,879,14/03/2020 23:47,,,14/03/2020 23:47,,,,,,-0.21008,51.469523,-0.21008,51.469523,1368.741145,,,,,,,
19378,4980,880,15/03/2020 00:26,,,15/03/2020 00:26,,,,,,-0.239634,51.493499,-0.239634,51.493499,1526.971221,,,,,,,
19379,3240,881,15/03/2020 05:33,,,15/03/2020 05:33,,,,,,-0.061303,51.420432,-0.061303,51.420432,0,,,,,,,
19380,1320,882,15/03/2020 09:57,,,15/03/2020 09:57,,,,,,0.003766,51.566595,-0.004518,51.540123,2860.881406,,,,,,,
19423,1680,883,15/03/2020 10:31,,,15/03/2020 10:31,,,,,,-0.109274,51.344018,-0.109274,51.344018,2633.424081,,,,,,,
19435,2280,884,15/03/2020 10:57,,,15/03/2020 10:57,,,,,,-0.143447,51.527604,-0.143447,51.527604,0,,,,,,,
19475,1860,885,15/03/2020 11:40,,,15/03/2020 11:40,,,,,,-0.030638,51.56854,-0.029968,51.568989,0,,,,,,,
19500,840,886,15/03/2020 12:03,,,15/03/2020 12:03,,,,,,-0.210365,51.571591,-0.210365,51.571591,1982.40135,,,,,,,
19515,5040,887,15/03/2020 12:10,,,15/03/2020 12:10,,,,,,-0.099179,51.451489,-0.099179,51.451489,1526.971221,,,,,,,
19517,1140,888,15/03/2020 12:12,,,15/03/2020 12:12,,,,,,-0.099179,51.451489,-0.099179,51.451489,0,,,,,,,
19579,600,889,15/03/2020 13:02,,,15/03/2020 13:02,,,,,,-0.222547,51.533369,-0.222547,51.533369,2249.04117,,,,,,,
19584,840,890,15/03/2020 13:10,,,15/03/2020 13:10,,,,,,-0.176176,51.523193,-0.176176,51.523193,3653.210889,,,,,,,
19585,3480,891,15/03/2020 13:17,,,15/03/2020 13:17,,,,,,-0.398532,51.473099,-0.398532,51.473099,0,,,,,,,
19586,1260,892,15/03/2020 13:19,,,15/03/2020 13:19,,,,,,-0.201409,51.541019,-0.201409,51.541019,0,,,,,,,
19587,4620,893,15/03/2020 13:19,,,15/03/2020 13:19,,,,,,-0.0314,51.569705,-0.0314,51.569706,1829.366014,,,,,,,
19595,1080,894,15/03/2020 13:31,,,15/03/2020 13:31,,,,,,-0.143447,51.527604,-0.143447,51.527604,1746.726826,,,,,,,
19610,1800,895,15/03/2020 13:59,,,15/03/2020 13:59,,,,,,-0.207267,51.519005,-0.207267,51.519005,1368.741145,,,,,,,
19611,3480,896,15/03/2020 14:17,,,15/03/2020 14:17,,,,,,-0.138489,51.54339,-0.138489,51.54339,1347.657955,,,,,,,
19612,600,897,15/03/2020 14:26,,,15/03/2020 14:26,,,,,,-0.139384,51.543552,-0.139384,51.543552,1829.366014,,,,,,,
19613,900,898,15/03/2020 14:30,,,15/03/2020 14:30,,,,,,-0.076399,51.488732,-0.076399,51.488732,2851.34913,,,,,,,
19614,1800,899,15/03/2020 14:30,,,15/03/2020 14:30,,,,,,-0.076399,51.488732,-0.076399,51.488732,0,,,,,,,
19615,1680,900,15/03/2020 15:01,,,15/03/2020 15:01,,,,,,-0.11736,51.461892,-0.113647,51.457737,1526.971221,,,,,,,
19616,1260,901,15/03/2020 15:03,,,15/03/2020 15:03,,,,,,-0.209807,51.469474,-0.209807,51.469474,4036.023968,,,,,,,
19640,960,902,15/03/2020 15:36,,,15/03/2020 15:36,,,,,,-0.139387,51.529875,-0.139387,51.529873,4720.370746,,,,,,,
19679,1560,903,15/03/2020 16:48,,,15/03/2020 16:48,,,,,,-0.226778,51.593938,-0.226778,51.593938,4763.235159,,,,,,,
19680,1440,904,15/03/2020 17:27,,,15/03/2020 17:27,,,,,,-0.176806,51.523224,-0.176806,51.523224,3890.996401,,,,,,,
19681,1020,905,15/03/2020 17:47,,,15/03/2020 17:47,,,,,,-0.106972,51.53352,-0.106972,51.53352,3994.263862,,,,,,,
19682,1020,906,15/03/2020 17:54,,,15/03/2020 17:54,,,,,,-0.433742,51.49328,-0.43373,51.493286,1971.468992,,,,,,,
19803,720,907,15/03/2020 19:10,,,15/03/2020 19:10,,,,,,-0.474003,51.454446,-0.474003,51.454446,1217.716526,,,,,,,
19813,1680,908,15/03/2020 19:19,,,15/03/2020 19:19,,,,,,-0.169394,51.477292,-0.169394,51.477292,1526.971221,,,,,,,
19857,1380,909,15/03/2020 19:43,,,15/03/2020 19:43,,,,,,-0.145059,51.442007,-0.145059,51.442007,1583.120518,,,,,,,
19867,1260,910,15/03/2020 19:50,,,15/03/2020 19:50,,,,,,-0.15341,51.479017,-0.15341,51.479017,4870.470628,,,,,,,
19911,840,911,15/03/2020 21:00,,,15/03/2020 21:00,,,,,,-0.023261,51.417735,-0.023261,51.417735,2091.227707,,,,,,,
19912,900,912,15/03/2020 23:36,,,15/03/2020 23:36,,,,,,-0.129189,51.422618,-0.129189,51.422618,2731.619124,,,,,,,
19913,1200,913,15/03/2020 23:37,,,15/03/2020 23:37,,,,,,-0.376051,51.879837,-0.376051,51.879837,3700.807532,,,,,,,
19914,1200,914,16/03/2020 07:28,,,16/03/2020 07:28,,,,,,-0.144994,51.442055,-0.144994,51.442055,4447.800636,,,,,,,
19915,1680,915,16/03/2020 07:46,,,16/03/2020 07:46,,,,,,-0.006653,51.45485,-0.006653,51.45485,3080.695156,,,,,,,
19916,960,916,16/03/2020 08:00,,,16/03/2020 08:00,,,,,,-0.047587,51.475217,-0.103153,51.497398,1217.716526,,,,,,,
19920,2340,917,16/03/2020 08:02,,,16/03/2020 08:02,,,,,,-0.094351,51.56663,-0.094351,51.56663,1746.726826,,,,,,,
19921,1440,918,16/03/2020 08:02,,,16/03/2020 08:02,,,,,,-0.135013,51.53531,-0.135013,51.535309,1217.716526,,,,,,,
19939,1200,919,16/03/2020 08:07,,,16/03/2020 08:07,,,,,,-0.140889,51.459559,-0.096302,51.49958,1829.366014,,,,,,,
20061,1140,920,16/03/2020 08:34,,,16/03/2020 08:34,,,,,,-0.100434,51.504806,-0.100434,51.504806,0,,,,,,,
20116,960,921,16/03/2020 09:18,,,16/03/2020 09:18,,,,,,-0.100458,51.504993,-0.100458,51.504993,1217.716526,,,,,,,
20117,2520,922,16/03/2020 09:19,,,16/03/2020 09:19,,,,,,-0.100425,51.504997,-0.100425,51.504997,514.3387893,,,,,,,
20118,0,923,16/03/2020 09:20,,,16/03/2020 09:20,,,,,,-0.100435,51.505005,-0.100435,51.505005,0,,,,,,,
20119,1140,924,16/03/2020 09:21,,,16/03/2020 09:21,,,,,,-0.210293,51.571536,-0.210293,51.571536,4686.071847,,,,,,,
20120,8460,925,16/03/2020 09:40,,,16/03/2020 09:40,,,,,,-0.900048,52.214965,-0.888594,52.231174,1982.40135,,,,,,,
20131,900,926,16/03/2020 09:48,,,16/03/2020 09:48,,,,,,-0.095504,51.499373,-0.140487,51.459602,1749.039505,,,,,,,
20281,2520,927,16/03/2020 10:41,,,16/03/2020 10:41,,,,,,-0.100423,51.504987,-0.100423,51.504987,0,,,,,,,
20307,4800,928,16/03/2020 10:48,,,16/03/2020 10:48,,,,,,-0.10043,51.505017,-0.10043,51.505017,0,,,,,,,
20322,960,929,16/03/2020 10:54,,,16/03/2020 10:54,,,,,,-0.100431,51.504984,-0.100431,51.504984,0,,,,,,,
20325,600,930,16/03/2020 10:55,,,16/03/2020 10:55,,,,,,-0.100442,51.504995,-0.100442,51.504995,1622.28701,,,,,,,
20327,4500,931,16/03/2020 10:56,,,16/03/2020 10:56,,,,,,-0.100434,51.504959,-0.100434,51.504959,0,,,,,,,
20333,1020,932,16/03/2020 10:57,,,16/03/2020 10:57,,,,,,-0.100426,51.504996,-0.100426,51.504996,2492.548463,,,,,,,
20334,2160,933,16/03/2020 10:58,,,16/03/2020 10:58,,,,,,-0.222664,51.533395,-0.222664,51.533395,1829.366014,,,,,,,
20460,1020,934,16/03/2020 12:06,,,16/03/2020 12:06,,,,,,0.071652,51.542471,0.071652,51.542471,1217.716526,,,,,,,
20492,1800,935,16/03/2020 12:24,,,16/03/2020 12:24,,,,,,-0.398737,51.473103,-0.398737,51.473103,0,,,,,,,
20498,1020,936,16/03/2020 12:35,,,16/03/2020 12:35,,,,,,-0.231779,51.491419,-0.231779,51.491419,0,,,,,,,
20520,1440,937,16/03/2020 12:59,,,16/03/2020 12:59,,,,,,-0.229408,51.583757,-0.229408,51.583757,2492.548463,,,,,,,
20526,1260,938,16/03/2020 13:02,,,16/03/2020 13:02,,,,,,-0.359492,51.469336,-0.359492,51.469336,2754.05057,,,,,,,
20535,3300,939,16/03/2020 13:17,,,16/03/2020 13:17,,,,,,-0.100448,51.504983,-0.100448,51.504983,0,,,,,,,
20536,1860,940,16/03/2020 13:18,,,16/03/2020 13:18,,,,,,-0.100444,51.504973,-0.100444,51.504973,342.0790639,,,,,,,
20548,600,941,16/03/2020 13:56,,,16/03/2020 13:56,,,,,,-0.164965,51.493375,-0.164965,51.493374,1098.020127,,,,,,,
20556,300,942,16/03/2020 14:06,,,16/03/2020 14:06,,,,,,-0.888776,52.231158,-0.896189,52.217541,1053.798685,,,,,,,
20578,4560,943,16/03/2020 14:18,,,16/03/2020 14:18,,,,,,-0.166924,51.437421,-0.166924,51.437421,1829.366014,,,,,,,
20607,1440,944,16/03/2020 14:43,,,16/03/2020 14:43,,,,,,-0.132954,51.523362,-0.132954,51.523362,5252.396711,,,,,,,
20608,2220,945,16/03/2020 14:44,,,16/03/2020 14:44,,,,,,-0.166897,51.437332,-0.166897,51.437332,0,,,,,,,
20609,1080,946,16/03/2020 14:45,,,16/03/2020 14:45,,,,,,0.010317,51.626104,0.010317,51.626104,2881.715243,,,,,,,
20616,180,947,16/03/2020 15:15,,,16/03/2020 15:15,,,,,,-0.48965,51.47204,-0.48965,51.47204,0,,,,,,,
20617,3540,948,16/03/2020 15:15,,,16/03/2020 15:15,,,,,,-0.221279,51.507422,-0.221279,51.507422,2477.562494,,,,,,,
20618,3480,949,16/03/2020 15:56,,,16/03/2020 15:56,,,,,,-0.019604,51.603541,-0.019604,51.603541,0,,,,,,,
20619,1800,950,16/03/2020 16:02,,,16/03/2020 16:02,,,,,,-0.141079,51.518045,-0.141079,51.518045,0,,,,,,,
20620,900,951,16/03/2020 16:23,,,16/03/2020 16:23,,,,,,-0.181506,51.599745,-0.181506,51.599745,873.4714024,,,,,,,
20621,2160,952,16/03/2020 16:35,,,16/03/2020 16:35,,,,,,-0.357926,51.478828,-0.357926,51.478828,0,,,,,,,
20622,2106.428571,953,16/03/2020 16:40,,,16/03/2020 16:40,,,,,,-0.140572,51.459608,-0.152561,51.443611,,,,,,,,
20636,2147.857143,954,16/03/2020 17:02,,,16/03/2020 17:02,,,,,,-0.087968,51.385618,-0.087968,51.385618,,,,,,,,
20688,2189.285714,955,16/03/2020 17:39,,,16/03/2020 17:39,,,,,,-0.115616,51.513586,-0.078252,51.488869,,,,,,,,
20760,2230.714286,956,16/03/2020 18:16,,,16/03/2020 18:16,,,,,,-0.14914,51.447201,-0.140679,51.459782,,,,,,,,
20777,2272.142857,957,16/03/2020 18:22,,,16/03/2020 18:22,,,,,,-0.099076,51.524175,-0.099076,51.524175,,,,,,,,
20812,2313.571429,958,16/03/2020 18:37,,,16/03/2020 18:37,,,,,,-0.163398,51.515455,-0.163398,51.515455,,,,,,,,
20822,2355,959,16/03/2020 19:07,,,16/03/2020 19:07,,,,,,-0.171374,51.468834,-0.171374,51.468834,,,,,,,,
20823,2396.428571,960,16/03/2020 19:58,,,16/03/2020 19:58,,,,,,-0.033088,51.55086,-0.033088,51.55086,,,,,,,,
20824,2437.857143,961,16/03/2020 20:00,,,16/03/2020 20:00,,,,,,-0.211911,51.5613,-0.211911,51.5613,,,,,,,,
20825,2479.285714,962,16/03/2020 21:40,,,16/03/2020 21:40,,,,,,-0.033216,51.550711,-0.033216,51.550711,,,,,,,,
20826,2520.714286,963,17/03/2020 07:29,,,17/03/2020 07:29,,,,,,-0.144959,51.441942,-0.144959,51.441942,,,,,,,,
20827,2562.142857,964,17/03/2020 08:01,,,17/03/2020 08:01,,,,,,-0.210244,51.563804,-0.210244,51.563804,,,,,,,,
20828,2603.571429,965,17/03/2020 08:14,,,17/03/2020 08:14,,,,,,-0.13029,51.534557,-0.085754,51.524979,,,,,,,,
20899,2645,966,17/03/2020 08:50,,,17/03/2020 08:50,,,,,,-0.339802,51.443183,-0.339802,51.443184,,,,,,,,
20922,2686.428571,967,17/03/2020 09:18,,,17/03/2020 09:18,,,,,,-0.222543,51.533372,-0.222543,51.533372,,,,,,,,
20923,2727.857143,968,17/03/2020 09:30,,,17/03/2020 09:30,,,,,,-0.143447,51.527526,-0.143447,51.527526,,,,,,,,
20924,2769.285714,969,17/03/2020 09:43,,,17/03/2020 09:43,,,,,,0.139107,51.438569,0.139107,51.438569,,,,,,,,
20925,2810.714286,970,17/03/2020 10:22,,,17/03/2020 10:22,,,,,,-0.398492,51.47316,-0.398492,51.47316,,,,,,,,
20926,2852.142857,971,17/03/2020 10:22,,,17/03/2020 10:22,,,,,,-0.162454,51.405629,-0.093284,51.376312,,,,,,,,
20939,2893.571429,972,17/03/2020 10:29,,,17/03/2020 10:29,,,,,,-0.21027,51.571536,-0.21027,51.571536,,,,,,,,
21006,2935,973,17/03/2020 11:18,,,17/03/2020 11:18,,,,,,-0.382169,51.483476,-0.382169,51.483476,,,,,,,,
21008,2976.428571,974,17/03/2020 12:01,,,17/03/2020 12:01,,,,,,-0.161236,51.491812,-0.145974,51.478462,,,,,,,,
21026,3017.857143,975,17/03/2020 13:00,,,17/03/2020 13:00,,,,,,-0.087229,51.524604,-0.13483,51.53561,,,,,,,,
21030,3059.285714,976,17/03/2020 13:02,,,17/03/2020 13:02,,,,,,-0.226159,51.530158,-0.225504,51.530087,,,,,,,,
21220,3100.714286,977,17/03/2020 14:00,,,17/03/2020 14:00,,,,,,-0.146595,51.478046,-0.160858,51.489113,,,,,,,,
21440,3142.142857,978,17/03/2020 15:48,,,17/03/2020 15:48,,,,,,-0.009635,51.518748,-0.009635,51.518748,,,,,,,,
21553,3183.571429,979,17/03/2020 16:45,,,17/03/2020 16:45,,,,,,-0.22445,51.493072,-0.240191,51.494526,,,,,,,,
21640,3225,980,17/03/2020 17:15,,,17/03/2020 17:15,,,,,,-0.171233,51.467536,-0.171233,51.467536,,,,,,,,
21685,3266.428571,981,17/03/2020 17:37,,,17/03/2020 17:37,,,,,,-0.236045,51.494126,-0.097682,51.491489,,,,,,,,
21704,3307.857143,982,17/03/2020 17:42,,,17/03/2020 17:42,,,,,,-0.126975,51.421618,-0.126975,51.421618,,,,,,,,
21875,3349.285714,983,17/03/2020 18:36,,,17/03/2020 18:36,,,,,,-0.154341,51.519441,-0.154341,51.519441,,,,,,,,
21891,3390.714286,984,17/03/2020 18:43,,,17/03/2020 18:43,,,,,,-0.209879,51.526294,-0.209879,51.526294,,,,,,,,
21893,3432.142857,985,17/03/2020 18:43,,,17/03/2020 18:43,,,,,,-0.209879,51.526294,-0.209879,51.526294,,,,,,,,
22022,3473.571429,986,17/03/2020 19:49,,,17/03/2020 19:49,,,,,,-0.125856,51.403572,-0.125856,51.403572,,,,,,,,
22050,3515,987,17/03/2020 22:53,,,17/03/2020 22:53,,,,,,-0.094611,51.49259,-0.094611,51.492592,,,,,,,,
22064,3556.428571,988,17/03/2020 23:45,,,17/03/2020 23:45,,,,,,-0.038192,51.53,-0.038192,51.53,,,,,,,,
22065,3597.857143,989,18/03/2020 07:24,,,18/03/2020 07:24,,,,,,-0.145003,51.442035,-0.145003,51.442035,,,,,,,,
22066,3639.285714,990,18/03/2020 09:13,,,18/03/2020 09:13,,,,,,-0.130502,51.426099,-0.034571,51.476006,,,,,,,,
22147,3680.714286,991,18/03/2020 09:54,,,18/03/2020 09:54,,,,,,0.010353,51.626033,0.010353,51.626033,,,,,,,,
22175,3722.142857,992,18/03/2020 11:17,,,18/03/2020 11:17,,,,,,-0.134986,51.535282,-0.093804,51.529121,,,,,,,,
22257,3763.571429,993,18/03/2020 11:59,,,18/03/2020 11:59,,,,,,-0.32531,51.495386,-0.32531,51.495386,,,,,,,,
22271,3805,994,18/03/2020 12:14,,,18/03/2020 12:14,,,,,,0.010662,51.626119,0.010662,51.626119,,,,,,,,
22272,3846.428571,995,18/03/2020 12:48,,,18/03/2020 12:48,,,,,,-0.154582,51.520351,-0.154582,51.520351,,,,,,,,
22273,3887.857143,996,18/03/2020 12:55,,,18/03/2020 12:55,,,,,,-0.154582,51.520351,-0.154582,51.520351,,,,,,,,
22274,3929.285714,997,18/03/2020 13:36,,,18/03/2020 13:36,,,,,,-0.047536,51.475193,-0.047536,51.475193,,,,,,,,
22312,3970.714286,998,18/03/2020 14:22,,,18/03/2020 14:22,,,,,,-0.041133,51.526394,0.00101,51.540806,,,,,,,,
22331,4012.142857,999,18/03/2020 16:22,,,18/03/2020 16:22,,,,,,-0.21131,51.561648,-0.21131,51.561648,,,,,,,,
22332,4053.571429,1000,18/03/2020 16:38,,,18/03/2020 16:38,,,,,,-0.171073,51.467082,-0.171073,51.467082,,,,,,,,
22333,4095,1001,18/03/2020 17:01,,,18/03/2020 17:01,,,,,,-0.088087,51.385618,-0.088087,51.385618,,,,,,,,
22334,4136.428571,1002,18/03/2020 17:15,,,18/03/2020 17:15,,,,,,-0.211811,51.53135,-0.211811,51.53135,,,,,,,,
22335,4177.857143,1003,18/03/2020 17:26,,,18/03/2020 17:26,,,,,,-0.211811,51.53135,-0.211811,51.53135,,,,,,,,
22336,4219.285714,1004,18/03/2020 19:59,,,18/03/2020 19:59,,,,,,-0.14048,51.459596,-0.1404,51.45948,,,,,,,,
22398,4260.714286,1005,19/03/2020 07:25,,,19/03/2020 07:25,,,,,,-0.144944,51.442022,-0.144944,51.442022,,,,,,,,
22399,4302.142857,1006,19/03/2020 08:19,,,19/03/2020 08:19,,,,,,-0.140504,51.459584,-0.150316,51.462132,,,,,,,,
22429,4343.571429,1007,19/03/2020 12:53,,,19/03/2020 12:53,,,,,,-0.208191,51.541276,-0.208191,51.541276,,,,,,,,
22430,4385,1008,19/03/2020 15:51,,,19/03/2020 15:51,,,,,,-0.398587,51.473148,-0.398587,51.473148,,,,,,,,
22431,4426.428571,1009,19/03/2020 18:17,,,19/03/2020 18:17,,,,,,-0.229405,51.583595,-0.229405,51.583595,,,,,,,,
22432,4467.857143,1010,19/03/2020 18:44,,,19/03/2020 18:44,,,,,,-0.144917,51.441912,-0.144917,51.441912,,,,,,,,
22433,4509.285714,1011,19/03/2020 19:05,,,19/03/2020 19:05,,,,,,-1.151233,52.962688,-1.151233,52.962688,,,,,,,,
22434,4550.714286,1012,19/03/2020 19:31,,,19/03/2020 19:31,,,,,,-1.151274,52.962762,-1.151274,52.962762,,,,,,,,
22435,4592.142857,1013,20/03/2020 04:26,,,20/03/2020 04:26,,,,,,-0.080735,51.376973,-0.080735,51.376973,,,,,,,,
22436,4633.571429,1014,20/03/2020 07:21,,,20/03/2020 07:21,,,,,,-0.144923,51.442039,-0.144923,51.442039,,,,,,,,
22437,4675,1015,20/03/2020 08:04,,,20/03/2020 08:04,,,,,,-0.015526,51.602387,-0.015526,51.602387,,,,,,,,
22438,4716.428571,1016,20/03/2020 08:54,,,20/03/2020 08:54,,,,,,-0.067866,51.403954,-0.067866,51.403954,,,,,,,,
22439,4757.857143,1017,20/03/2020 09:04,,,20/03/2020 09:04,,,,,,-1.15131,52.962803,-1.15131,52.962803,,,,,,,,
22440,4799.285714,1018,20/03/2020 09:19,,,20/03/2020 09:19,,,,,,-0.210271,51.571548,-0.210271,51.571548,,,,,,,,
22441,4840.714286,1019,20/03/2020 10:57,,,20/03/2020 10:57,,,,,,-0.165054,51.493405,-0.149313,51.48209,,,,,,,,
22499,4882.142857,1020,20/03/2020 12:39,,,20/03/2020 12:39,,,,,,-0.398908,51.473096,-0.398908,51.473096,,,,,,,,
22500,4923.571429,1021,20/03/2020 13:11,,,20/03/2020 13:11,,,,,,-0.064817,51.410823,-0.064817,51.410823,,,,,,,,
22501,4965,1022,20/03/2020 13:53,,,20/03/2020 13:53,,,,,,-0.155578,51.520257,-0.155578,51.520257,,,,,,,,
22502,5006.428571,1023,20/03/2020 14:11,,,20/03/2020 14:11,,,,,,-0.32675,51.474618,-0.32675,51.474618,,,,,,,,
22503,5047.857143,1024,20/03/2020 15:24,,,20/03/2020 15:24,,,,,,0.010401,51.626123,0.010401,51.626123,,,,,,,,
22504,5089.285714,1025,20/03/2020 17:07,,,20/03/2020 17:07,,,,,,-0.087893,51.385586,-0.087893,51.385586,,,,,,,,
22505,5130.714286,1026,20/03/2020 18:43,,,20/03/2020 18:43,,,,,,-0.142526,51.41877,-0.142526,51.41877,,,,,,,,
22506,5172.142857,1027,20/03/2020 21:11,,,20/03/2020 21:11,,,,,,-0.186957,51.462532,-0.186957,51.462532,,,,,,,,
22507,5213.571429,1028,21/03/2020 11:39,,,21/03/2020 11:39,,,,,,0.010646,51.625864,0.010646,51.625864,,,,,,,,
22508,5255,1029,21/03/2020 11:48,,,21/03/2020 11:48,,,,,,-1.19687,53.165612,-1.19687,53.165612,,,,,,,,
22509,5296.428571,1030,21/03/2020 12:30,,,21/03/2020 12:30,,,,,,-0.14038,51.459586,-0.14038,51.459586,,,,,,,,
22510,5337.857143,1031,21/03/2020 13:00,,,21/03/2020 13:00,,,,,,-0.140502,51.459601,-0.140928,51.459591,,,,,,,,
22567,5379.285714,1032,21/03/2020 17:47,,,21/03/2020 17:47,,,,,,-1.196896,53.165599,-1.196896,53.165599,,,,,,,,
22568,5420.714286,1033,21/03/2020 18:06,,,21/03/2020 18:06,,,,,,-0.067782,51.404014,-0.067782,51.404014,,,,,,,,
22569,5462.142857,1034,21/03/2020 19:19,,,21/03/2020 19:19,,,,,,0.010456,51.626041,0.010456,51.626041,,,,,,,,
22570,5503.571429,1035,22/03/2020 23:08,,,22/03/2020 23:08,,,,,,-0.015536,51.602399,-0.015536,51.602399,,,,,,,,
22571,5545,1036,23/03/2020 13:40,,,23/03/2020 13:40,,,,,,-0.165241,51.493451,-0.164968,51.493393,,,,,,,,
22610,5586.428571,1037,23/03/2020 14:01,,,23/03/2020 14:01,,,,,,-0.097372,51.515027,-0.097372,51.515027,,,,,,,,
22617,5627.857143,1038,23/03/2020 14:07,,,23/03/2020 14:07,,,,,,-0.063095,51.404638,-0.063095,51.404638,,,,,,,,
22641,5669.285714,1039,23/03/2020 17:48,,,23/03/2020 17:48,,,,,,-0.229611,51.583564,-0.229611,51.583564,,,,,,,,
22642,5710.714286,1040,23/03/2020 20:15,,,23/03/2020 20:15,,,,,,0.007314,51.626863,0.007314,51.626863,,,,,,,,
22643,5752.142857,1041,24/03/2020 11:35,,,24/03/2020 11:35,,,,,,-0.015611,51.602441,-0.015611,51.602441,,,,,,,,
22644,5793.571429,1042,24/03/2020 13:36,,,24/03/2020 13:36,,,,,,-0.047537,51.475192,-0.045329,51.473038,,,,,,,,
22716,5835,1043,24/03/2020 14:44,,,24/03/2020 14:44,,,,,,-0.164974,51.493395,-0.165023,51.493401,,,,,,,,
22804,5876.428571,1044,25/03/2020 09:08,,,25/03/2020 09:08,,,,,,-0.067743,51.403829,-0.067743,51.403829,,,,,,,,
22805,5917.857143,1045,25/03/2020 14:00,,,25/03/2020 14:00,,,,,,-0.164945,51.493396,-0.164971,51.493397,,,,,,,,
22820,5959.285714,1046,25/03/2020 14:26,,,25/03/2020 14:26,,,,,,-0.228161,51.582676,-0.228161,51.582676,,,,,,,,
22826,6000.714286,1047,25/03/2020 16:12,,,25/03/2020 16:12,,,,,,-0.032466,51.442629,-0.032466,51.442629,,,,,,,,
22827,6042.142857,1048,25/03/2020 17:06,,,25/03/2020 17:06,,,,,,-0.140929,51.459593,-0.139784,51.459568,,,,,,,,
22834,6083.571429,1049,25/03/2020 17:36,,,25/03/2020 17:36,,,,,,0.111138,51.407941,0.111138,51.407941,,,,,,,,
22835,6125,1050,25/03/2020 17:43,,,25/03/2020 17:43,,,,,,-0.047524,51.475188,-0.05868,51.479923,,,,,,,,
22904,6166.428571,1051,25/03/2020 18:37,,,25/03/2020 18:37,,,,,,-0.14219,51.419303,-0.14219,51.419303,,,,,,,,
22905,6207.857143,1052,25/03/2020 23:32,,,25/03/2020 23:32,,,,,,-0.032716,51.442676,-0.032716,51.442676,,,,,,,,
22906,6249.285714,1053,26/03/2020 13:06,,,26/03/2020 13:06,,,,,,-0.164973,51.493393,-0.164964,51.493397,,,,,,,,
22976,6290.714286,1054,26/03/2020 14:30,,,26/03/2020 14:30,,,,,,-1.196866,53.165607,-1.196866,53.165607,,,,,,,,
22997,6332.142857,1055,26/03/2020 14:59,,,26/03/2020 14:59,,,,,,-0.241206,51.573196,-0.241206,51.573196,,,,,,,,
22998,6373.571429,1056,26/03/2020 15:33,,,26/03/2020 15:33,,,,,,0.01048,51.626051,0.01048,51.626051,,,,,,,,
22999,6415,1057,26/03/2020 15:33,,,26/03/2020 15:33,,,,,,-1.195295,53.145408,-1.195295,53.145408,,,,,,,,
23000,6456.428571,1058,26/03/2020 17:52,,,26/03/2020 17:52,,,,,,-0.080874,51.376893,-0.080874,51.376893,,,,,,,,
23001,6497.857143,1059,27/03/2020 14:39,,,27/03/2020 14:39,,,,,,-0.164988,51.493405,-0.164988,51.493404,,,,,,,,
23008,6539.285714,1060,27/03/2020 16:46,,,27/03/2020 16:46,,,,,,-0.219645,51.582053,-0.219645,51.582053,,,,,,,,
23009,6580.714286,1061,27/03/2020 17:19,,,27/03/2020 17:19,,,,,,-0.047641,51.475193,-0.055947,51.479424,,,,,,,,
23051,6622.142857,1062,28/03/2020 11:19,,,28/03/2020 11:19,,,,,,-0.165068,51.493417,-0.165042,51.493404,,,,,,,,
23091,6663.571429,1063,28/03/2020 11:53,,,28/03/2020 11:53,,,,,,-0.059808,51.436973,-0.059808,51.436973,,,,,,,,
23113,6705,1064,29/03/2020 10:47,,,29/03/2020 10:47,,,,,,-0.164981,51.493394,-0.165033,51.493412,,,,,,,,
23184,6746.428571,1065,29/03/2020 12:30,,,29/03/2020 12:30,,,,,,-0.229903,51.584233,-0.229903,51.584233,,,,,,,,
23185,6787.857143,1066,30/03/2020 06:24,,,30/03/2020 06:24,,,,,,-0.14498,51.442022,-0.14498,51.442022,,,,,,,,
23186,6829.285714,1067,30/03/2020 13:02,,,30/03/2020 13:02,,,,,,-1.196861,53.165618,-1.196861,53.165618,,,,,,,,
23187,6870.714286,1068,30/03/2020 15:04,,,30/03/2020 15:04,,,,,,0.111059,51.407907,0.111059,51.407907,,,,,,,,
