group,id,journey_id,start_latitude,start_longitude,created_at,,updated_at_rn,,Trip_Length,group,id,journey_id,start_latitude,start_longitude,created_at,,updated_at_rn,,Trip_Length,group,id,journey_id,start_latitude,start_longitude,created_at,,updated_at_rn,,Trip_Length,,
1,9319,431,51.504813,-0.1004,02/03/2020 00:00,09:27:00,02/03/2020 00:00,09:27:00,,2,15717,600,51.504819,-0.100408,09/03/2020 00:00,15:45:00,09/03/2020 00:00,15:46:00,00:01:00,3,17866,800,51.492027,-0.193264,12/03/2020 00:00,21:23:00,12/03/2020 00:00,21:30:00,00:07:00,,
1,9478,432,51.49427,-0.236222,02/03/2020 00:00,11:13:00,02/03/2020 00:00,12:10:00,00:57:00,2,15723,601,51.535897,-0.076812,09/03/2020 00:00,15:55:00,09/03/2020 00:00,15:55:00,00:00:00,3,17868,801,51.469493,-0.171371,12/03/2020 00:00,21:25:00,12/03/2020 00:00,21:25:00,00:00:00,,
1,9556,433,51.405658,-0.162333,02/03/2020 00:00,12:23:00,02/03/2020 00:00,13:24:00,01:01:00,2,15724,602,51.504819,-0.100408,09/03/2020 00:00,15:56:00,09/03/2020 00:00,15:56:00,00:00:00,3,17922,802,51.433027,-0.017886,12/03/2020 00:00,21:58:00,12/03/2020 00:00,21:58:00,00:00:00,,
1,9576,434,51.578469,-0.128116,02/03/2020 00:00,12:37:00,02/03/2020 00:00,13:17:00,00:40:00,2,15725,603,51.513931,-0.070612,09/03/2020 00:00,16:50:00,09/03/2020 00:00,20:06:00,03:16:00,3,17950,803,51.431035,-0.033791,12/03/2020 00:00,22:36:00,12/03/2020 00:00,22:36:00,00:00:00,,
1,9718,435,51.537983,0.001716,02/03/2020 00:00,16:05:00,02/03/2020 00:00,16:51:00,00:46:00,2,15729,604,51.504979,-0.100413,09/03/2020 00:00,16:52:00,09/03/2020 00:00,16:52:00,00:00:00,3,18019,804,51.42368,-0.129867,12/03/2020 00:00,23:40:00,12/03/2020 00:00,23:40:00,00:00:00,,
1,9788,436,51.446545,0.003108,02/03/2020 00:00,17:01:00,02/03/2020 00:00,18:18:00,01:17:00,2,15764,605,51.510954,-0.101858,09/03/2020 00:00,17:13:00,09/03/2020 00:00,17:13:00,00:00:00,3,18021,805,51.63416,0.343396,13/03/2020 00:00,07:50:00,13/03/2020 00:00,07:50:00,00:00:00,,
1,9919,437,51.494438,-0.100345,02/03/2020 00:00,20:26:00,02/03/2020 00:00,21:21:00,00:55:00,2,15787,606,51.380919,-0.183123,09/03/2020 00:00,17:24:00,09/03/2020 00:00,17:24:00,00:00:00,3,18022,806,51.566862,-0.09462,13/03/2020 00:00,08:20:00,13/03/2020 00:00,08:20:00,00:00:00,,
1,9989,438,51.536314,-0.140012,02/03/2020 00:00,23:35:00,03/03/2020 00:00,00:16:00,###############################################################################################################################################################################################################################################################,2,15801,607,51.595459,-0.178228,09/03/2020 00:00,17:30:00,09/03/2020 00:00,17:30:00,00:00:00,3,18023,807,51.54056,-0.063345,13/03/2020 00:00,08:25:00,13/03/2020 00:00,08:25:00,00:00:00,,
1,10049,439,51.542938,0.038728,03/03/2020 00:00,07:51:00,03/03/2020 00:00,08:26:00,00:35:00,2,15804,608,51.460967,-0.218619,09/03/2020 00:00,17:31:00,09/03/2020 00:00,17:31:00,00:00:00,3,18024,808,51.44553,-0.330196,13/03/2020 00:00,09:05:00,13/03/2020 00:00,09:05:00,00:00:00,,
1,10098,440,51.523779,-0.121673,03/03/2020 00:00,09:40:00,03/03/2020 00:00,10:16:00,00:36:00,2,15807,609,51.392662,-0.093883,09/03/2020 00:00,17:32:00,09/03/2020 00:00,17:32:00,00:00:00,3,18025,809,51.462817,-0.121838,13/03/2020 00:00,09:29:00,13/03/2020 00:00,09:29:00,00:00:00,,
1,10164,441,51.405643,-0.162289,03/03/2020 00:00,11:04:00,04/03/2020 00:00,00:18:00,01:14:00,2,15817,610,51.535906,-0.076522,09/03/2020 00:00,17:47:00,09/03/2020 00:00,17:47:00,00:00:00,3,18026,810,51.491258,-0.231789,13/03/2020 00:00,09:55:00,13/03/2020 00:00,09:55:00,00:00:00,,
1,10233,442,51.578467,-0.128113,03/03/2020 00:00,11:48:00,03/03/2020 00:00,12:23:00,00:35:00,2,15818,611,51.563995,-0.106419,09/03/2020 00:00,17:50:00,09/03/2020 00:00,17:50:00,00:00:00,3,18027,811,51.469538,-0.17166,13/03/2020 00:00,10:14:00,13/03/2020 00:00,10:14:00,00:00:00,,
1,10333,443,51.444507,0.004068,03/03/2020 00:00,12:43:00,03/03/2020 00:00,13:54:00,01:11:00,2,15819,612,51.462821,-0.121836,09/03/2020 00:00,17:55:00,09/03/2020 00:00,17:55:00,00:00:00,3,18028,812,51.399865,-0.144803,13/03/2020 00:00,11:15:00,13/03/2020 00:00,11:15:00,00:00:00,,
1,10538,444,51.504983,-0.100417,03/03/2020 00:00,13:42:00,03/03/2020 00:00,13:42:00,00:00:00,2,15838,613,51.51278,-0.117555,09/03/2020 00:00,18:07:00,09/03/2020 00:00,18:07:00,00:00:00,3,18029,813,51.475165,0.068949,13/03/2020 00:00,11:55:00,13/03/2020 00:00,11:55:00,00:00:00,,
1,10614,445,51.504834,-0.100409,03/03/2020 00:00,15:37:00,03/03/2020 00:00,16:06:00,00:29:00,2,15840,614,51.504811,-0.100413,09/03/2020 00:00,18:07:00,09/03/2020 00:00,18:08:00,00:01:00,3,18030,814,52.217542,-0.896189,13/03/2020 00:00,12:01:00,13/03/2020 00:00,18:09:00,06:08:00,,
1,10616,446,51.538106,0.00162,03/03/2020 00:00,15:38:00,03/03/2020 00:00,16:10:00,00:32:00,2,15845,615,51.519316,-0.1202,09/03/2020 00:00,18:09:00,09/03/2020 00:00,18:09:00,00:00:00,3,18084,815,51.516583,-0.129804,13/03/2020 00:00,13:06:00,13/03/2020 00:00,13:06:00,00:00:00,,
1,10673,447,51.504842,-0.100394,03/03/2020 00:00,16:06:00,03/03/2020 00:00,16:06:00,00:00:00,2,15870,616,51.566628,-0.094187,09/03/2020 00:00,18:22:00,09/03/2020 00:00,18:22:00,00:00:00,3,18166,816,51.509291,-0.102236,13/03/2020 00:00,13:57:00,13/03/2020 00:00,13:57:00,00:00:00,,
1,10674,448,51.504842,-0.100394,03/03/2020 00:00,16:06:00,03/03/2020 00:00,16:06:00,00:00:00,2,15914,617,51.520216,-0.109636,09/03/2020 00:00,18:46:00,09/03/2020 00:00,18:46:00,00:00:00,3,18301,817,51.5044,-0.218832,13/03/2020 00:00,15:27:00,13/03/2020 00:00,15:27:00,00:00:00,,
1,10675,449,51.504842,-0.100394,03/03/2020 00:00,16:07:00,03/03/2020 00:00,16:07:00,00:00:00,2,15944,618,51.516526,-0.129833,09/03/2020 00:00,19:01:00,09/03/2020 00:00,19:01:00,00:00:00,3,18371,818,51.343967,-0.109421,13/03/2020 00:00,16:07:00,13/03/2020 00:00,16:07:00,00:00:00,,
1,10750,450,51.515582,-0.089413,03/03/2020 00:00,17:08:00,03/03/2020 00:00,18:16:00,01:08:00,2,15948,619,51.506271,-0.085642,09/03/2020 00:00,19:05:00,09/03/2020 00:00,19:42:00,00:37:00,3,18382,819,51.46107,-0.218048,13/03/2020 00:00,16:29:00,13/03/2020 00:00,16:29:00,00:00:00,,
1,10886,451,51.504808,-0.10044,03/03/2020 00:00,18:05:00,03/03/2020 00:00,18:32:00,00:27:00,2,16006,620,51.492777,-0.167043,09/03/2020 00:00,19:40:00,09/03/2020 00:00,19:40:00,00:00:00,3,18384,820,51.462891,-0.121867,13/03/2020 00:00,16:30:00,13/03/2020 00:00,16:30:00,00:00:00,,
1,10967,452,51.496213,-0.2352,03/03/2020 00:00,18:35:00,03/03/2020 00:00,18:43:00,00:08:00,2,16019,621,51.533468,-0.107009,09/03/2020 00:00,21:54:00,09/03/2020 00:00,21:54:00,00:00:00,3,18410,821,51.546819,0.033194,13/03/2020 00:00,16:51:00,13/03/2020 00:00,20:07:00,03:16:00,,
1,11338,453,51.542954,0.03876,04/03/2020 00:00,07:53:00,04/03/2020 00:00,08:26:00,00:33:00,2,16020,622,51.536277,-0.139996,09/03/2020 00:00,23:43:00,10/03/2020 00:00,00:23:00,###############################################################################################################################################################################################################################################################,3,18414,822,51.449555,-0.013213,13/03/2020 00:00,16:52:00,13/03/2020 00:00,16:52:00,00:00:00,,
1,11343,454,51.405687,-0.162321,04/03/2020 00:00,10:18:00,05/03/2020 00:00,10:18:00,00:00:00,2,16083,623,51.514968,-0.06718,10/03/2020 00:00,01:04:00,10/03/2020 00:00,01:04:00,00:00:00,3,18420,823,51.432963,-0.15385,13/03/2020 00:00,17:10:00,13/03/2020 00:00,17:10:00,00:00:00,,
1,11505,455,51.504834,-0.100413,04/03/2020 00:00,12:24:00,04/03/2020 00:00,12:41:00,00:17:00,2,16084,624,51.414252,-0.060332,10/03/2020 00:00,01:51:00,10/03/2020 00:00,01:51:00,00:00:00,3,18469,824,51.516584,-0.129801,13/03/2020 00:00,17:43:00,13/03/2020 00:00,17:43:00,00:00:00,,
1,11512,456,51.50498,-0.100423,04/03/2020 00:00,12:26:00,04/03/2020 00:00,12:26:00,00:00:00,2,16085,625,51.634216,0.343499,10/03/2020 00:00,07:44:00,10/03/2020 00:00,07:44:00,00:00:00,3,18498,825,51.504808,-0.100437,13/03/2020 00:00,18:00:00,13/03/2020 00:00,18:00:00,00:00:00,,
1,11515,457,51.505025,-0.100375,04/03/2020 00:00,12:27:00,04/03/2020 00:00,12:27:00,00:00:00,2,16086,626,51.542905,0.038722,10/03/2020 00:00,07:55:00,10/03/2020 00:00,08:29:00,00:34:00,3,18519,826,52.228624,-0.89576,13/03/2020 00:00,18:11:00,13/03/2020 00:00,19:04:00,00:53:00,,
1,11518,458,51.504816,-0.100424,04/03/2020 00:00,12:28:00,04/03/2020 00:00,13:22:00,00:54:00,2,16092,627,51.566622,-0.094288,10/03/2020 00:00,07:59:00,10/03/2020 00:00,07:59:00,00:00:00,3,18538,827,51.523257,-0.098519,13/03/2020 00:00,18:20:00,13/03/2020 00:00,18:20:00,00:00:00,,
1,11584,459,51.505107,-0.1004,04/03/2020 00:00,13:18:00,04/03/2020 00:00,13:18:00,00:00:00,2,16104,628,51.46676,-0.170737,10/03/2020 00:00,08:09:00,10/03/2020 00:00,08:09:00,00:00:00,3,18568,828,51.619715,-0.106808,13/03/2020 00:00,18:50:00,13/03/2020 00:00,18:50:00,00:00:00,,
1,11587,460,51.486096,-0.171496,04/03/2020 00:00,13:20:00,04/03/2020 00:00,17:38:00,04:18:00,2,16114,629,51.542566,-0.003798,10/03/2020 00:00,08:22:00,10/03/2020 00:00,08:22:00,00:00:00,3,18603,829,51.372025,-0.110104,13/03/2020 00:00,20:22:00,13/03/2020 00:00,20:22:00,00:00:00,,
1,11633,461,51.513755,-0.155852,04/03/2020 00:00,14:51:00,04/03/2020 00:00,15:34:00,00:43:00,2,16122,630,51.475175,0.068976,10/03/2020 00:00,08:41:00,10/03/2020 00:00,08:41:00,00:00:00,3,18604,830,51.477656,-0.024145,13/03/2020 00:00,21:04:00,13/03/2020 00:00,21:04:00,00:00:00,,
1,11689,462,51.504814,-0.100409,04/03/2020 00:00,16:04:00,04/03/2020 00:00,16:32:00,00:28:00,2,16123,631,51.535413,-0.237993,10/03/2020 00:00,08:42:00,10/03/2020 00:00,08:42:00,00:00:00,3,18605,831,51.437818,0.000519,13/03/2020 00:00,23:08:00,13/03/2020 00:00,23:08:00,00:00:00,,
1,11746,463,51.538087,0.001737,04/03/2020 00:00,17:01:00,04/03/2020 00:00,17:37:00,00:36:00,2,16124,632,51.477331,-0.169455,10/03/2020 00:00,08:46:00,10/03/2020 00:00,08:46:00,00:00:00,3,18606,832,51.450481,-0.138708,13/03/2020 00:00,23:12:00,13/03/2020 00:00,23:12:00,00:00:00,,
1,12095,464,51.578429,-0.128072,05/03/2020 00:00,05:13:00,05/03/2020 00:00,05:52:00,00:39:00,2,16125,633,51.529063,-0.07742,10/03/2020 00:00,08:48:00,10/03/2020 00:00,08:48:00,00:00:00,3,18607,833,51.443246,-0.153153,14/03/2020 00:00,07:54:00,14/03/2020 00:00,07:54:00,00:00:00,,
1,12296,465,51.542928,0.038765,05/03/2020 00:00,07:53:00,05/03/2020 00:00,08:25:00,00:32:00,2,16126,634,51.461798,-0.117302,10/03/2020 00:00,08:55:00,10/03/2020 00:00,09:26:00,00:31:00,3,18608,834,51.414282,-0.060392,14/03/2020 00:00,08:57:00,14/03/2020 00:00,08:57:00,00:00:00,,
1,12387,466,51.50481,-0.100397,05/03/2020 00:00,08:52:00,05/03/2020 00:00,08:52:00,00:00:00,2,16156,635,51.531006,-0.083031,10/03/2020 00:00,09:23:00,10/03/2020 00:00,09:23:00,00:00:00,3,18609,835,51.532893,0.053299,14/03/2020 00:00,10:03:00,14/03/2020 00:00,10:03:00,00:00:00,,
1,12392,467,51.50481,-0.100397,05/03/2020 00:00,08:54:00,05/03/2020 00:00,08:59:00,00:05:00,2,16162,636,51.524421,-0.09019,10/03/2020 00:00,09:55:00,10/03/2020 00:00,09:55:00,00:00:00,3,18610,836,51.475266,-0.047763,14/03/2020 00:00,10:58:00,14/03/2020 00:00,10:58:00,00:00:00,,
1,12410,468,51.50481,-0.100397,05/03/2020 00:00,08:59:00,05/03/2020 00:00,09:07:00,00:08:00,2,16163,637,51.507279,-0.22447,10/03/2020 00:00,10:21:00,10/03/2020 00:00,10:21:00,00:00:00,3,18612,837,51.343982,-0.109449,14/03/2020 00:00,11:19:00,14/03/2020 00:00,11:19:00,00:00:00,,
1,12438,469,51.405658,-0.162306,05/03/2020 00:00,10:18:00,05/03/2020 00:00,11:04:00,00:46:00,2,16164,638,51.491236,-0.231737,10/03/2020 00:00,10:24:00,10/03/2020 00:00,10:24:00,00:00:00,3,18613,838,51.414245,-0.060396,14/03/2020 00:00,11:52:00,14/03/2020 00:00,11:52:00,00:00:00,,
1,12475,470,53.480323,-2.241101,05/03/2020 00:00,10:39:00,05/03/2020 00:00,10:39:00,00:00:00,2,16165,639,51.454902,-0.006732,10/03/2020 00:00,10:50:00,10/03/2020 00:00,10:50:00,00:00:00,3,18614,839,51.414245,-0.060396,14/03/2020 00:00,11:56:00,14/03/2020 00:00,11:56:00,00:00:00,,
1,12517,471,51.505002,-0.100435,05/03/2020 00:00,11:00:00,05/03/2020 00:00,11:00:00,00:00:00,2,16166,640,51.494731,-0.240307,10/03/2020 00:00,11:09:00,10/03/2020 00:00,13:43:00,02:34:00,3,18615,840,51.461884,-0.117358,14/03/2020 00:00,12:05:00,14/03/2020 00:00,12:56:00,00:51:00,,
1,12526,472,51.50499,-0.100444,05/03/2020 00:00,11:09:00,05/03/2020 00:00,11:09:00,00:00:00,2,16190,641,51.492272,-0.223392,10/03/2020 00:00,11:21:00,10/03/2020 00:00,11:21:00,00:00:00,3,18625,841,51.598142,-0.284894,14/03/2020 00:00,12:29:00,14/03/2020 00:00,12:29:00,00:00:00,,
1,12527,473,51.504813,-0.100123,05/03/2020 00:00,11:16:00,05/03/2020 00:00,11:16:00,00:00:00,2,16220,642,51.343937,-0.108875,10/03/2020 00:00,11:54:00,10/03/2020 00:00,11:54:00,00:00:00,3,18626,842,51.598142,-0.284894,14/03/2020 00:00,12:32:00,14/03/2020 00:00,12:32:00,00:00:00,,
1,12528,474,51.504813,-0.100123,05/03/2020 00:00,11:16:00,05/03/2020 00:00,11:45:00,00:29:00,2,16229,643,51.515696,-0.099745,10/03/2020 00:00,12:00:00,10/03/2020 00:00,12:00:00,00:00:00,3,18632,843,51.542471,0.071655,14/03/2020 00:00,12:40:00,14/03/2020 00:00,12:40:00,00:00:00,,
1,12582,475,51.504969,-0.100407,05/03/2020 00:00,11:43:00,05/03/2020 00:00,11:43:00,00:00:00,2,16234,644,51.536623,-0.004258,10/03/2020 00:00,12:16:00,10/03/2020 00:00,12:16:00,00:00:00,3,18634,844,51.533393,-0.222552,14/03/2020 00:00,12:46:00,14/03/2020 00:00,12:46:00,00:00:00,,
1,12586,476,51.506586,-0.1029,05/03/2020 00:00,12:43:00,05/03/2020 00:00,13:41:00,00:58:00,2,16241,645,51.578468,-0.128114,10/03/2020 00:00,12:32:00,10/03/2020 00:00,13:34:00,01:02:00,3,18637,845,51.447946,-0.337,14/03/2020 00:00,12:50:00,14/03/2020 00:00,13:47:00,00:57:00,,
1,12619,477,51.504813,-0.100405,05/03/2020 00:00,14:23:00,05/03/2020 00:00,14:23:00,00:00:00,2,16354,646,51.523762,-0.098952,10/03/2020 00:00,13:21:00,10/03/2020 00:00,13:21:00,00:00:00,3,18655,846,51.496335,-0.070948,14/03/2020 00:00,13:00:00,14/03/2020 00:00,13:00:00,00:00:00,,
1,12620,478,51.504973,-0.100349,05/03/2020 00:00,15:19:00,05/03/2020 00:00,15:19:00,00:00:00,2,16389,647,51.600358,-0.182138,10/03/2020 00:00,13:34:00,10/03/2020 00:00,13:34:00,00:00:00,3,18673,847,51.475204,-0.047531,14/03/2020 00:00,13:18:00,14/03/2020 00:00,13:52:00,00:34:00,,
1,12621,479,51.50481,-0.100412,05/03/2020 00:00,15:37:00,05/03/2020 00:00,20:08:00,04:31:00,2,16399,648,51.490384,-0.093657,10/03/2020 00:00,13:43:00,10/03/2020 00:00,13:48:00,00:05:00,3,18689,848,51.389762,-0.124726,14/03/2020 00:00,13:37:00,14/03/2020 00:00,13:37:00,00:00:00,,
1,12626,480,51.536516,-0.140086,05/03/2020 00:00,16:03:00,05/03/2020 00:00,17:07:00,01:04:00,2,16411,649,51.51625,-0.103469,10/03/2020 00:00,13:58:00,10/03/2020 00:00,13:58:00,00:00:00,3,18703,849,51.462327,-0.111411,14/03/2020 00:00,13:50:00,14/03/2020 00:00,14:29:00,00:39:00,,
1,12736,481,51.50998,-0.1337,05/03/2020 00:00,16:48:00,05/03/2020 00:00,16:48:00,00:00:00,2,16412,650,51.461035,-0.205859,10/03/2020 00:00,14:02:00,10/03/2020 00:00,14:02:00,00:00:00,3,18704,850,51.583775,-0.2294,14/03/2020 00:00,13:51:00,14/03/2020 00:00,13:51:00,00:00:00,,
1,12747,482,51.50998,-0.1337,05/03/2020 00:00,16:50:00,05/03/2020 00:00,16:50:00,00:00:00,2,16413,651,51.461059,-0.205872,10/03/2020 00:00,14:03:00,10/03/2020 00:00,14:03:00,00:00:00,3,18713,851,51.578005,-0.321268,14/03/2020 00:00,14:11:00,14/03/2020 00:00,14:52:00,00:41:00,,
1,12775,483,51.504996,-0.100452,05/03/2020 00:00,16:58:00,05/03/2020 00:00,16:58:00,00:00:00,2,16414,652,51.461077,-0.205863,10/03/2020 00:00,14:03:00,10/03/2020 00:00,14:03:00,00:00:00,3,18799,852,51.566593,0.003764,14/03/2020 00:00,14:50:00,14/03/2020 00:00,15:03:00,00:13:00,,
1,12780,484,51.432258,0.102426,05/03/2020 00:00,17:00:00,05/03/2020 00:00,19:59:00,02:59:00,2,16415,653,51.46119,-0.205871,10/03/2020 00:00,14:04:00,10/03/2020 00:00,14:04:00,00:00:00,3,18830,853,51.536621,-0.00449,14/03/2020 00:00,15:14:00,14/03/2020 00:00,15:14:00,00:00:00,,
1,12915,485,51.40791,0.111013,05/03/2020 00:00,20:00:00,05/03/2020 00:00,20:00:00,00:00:00,2,16416,654,51.461129,-0.205849,10/03/2020 00:00,14:04:00,10/03/2020 00:00,14:04:00,00:00:00,3,18831,854,51.513018,-0.169292,14/03/2020 00:00,15:21:00,14/03/2020 00:00,15:21:00,00:00:00,,
1,12917,486,51.407928,0.111094,05/03/2020 00:00,20:06:00,05/03/2020 00:00,20:06:00,00:00:00,2,16417,655,51.461116,-0.206505,10/03/2020 00:00,14:06:00,10/03/2020 00:00,14:06:00,00:00:00,3,18832,855,51.578748,-0.100753,14/03/2020 00:00,15:40:00,14/03/2020 00:00,15:40:00,00:00:00,,
1,12918,487,51.407928,0.111094,05/03/2020 00:00,20:07:00,05/03/2020 00:00,20:07:00,00:00:00,2,16418,656,51.461044,-0.206658,10/03/2020 00:00,14:06:00,10/03/2020 00:00,14:06:00,00:00:00,3,18833,856,51.376879,-0.080682,14/03/2020 00:00,15:43:00,14/03/2020 00:00,15:43:00,00:00:00,,
1,12920,488,51.578437,-0.128084,06/03/2020 00:00,05:18:00,06/03/2020 00:00,07:30:00,02:12:00,2,16419,657,51.424106,-0.056424,10/03/2020 00:00,15:12:00,10/03/2020 00:00,15:12:00,00:00:00,3,18834,857,51.494106,-0.235453,14/03/2020 00:00,16:04:00,14/03/2020 00:00,18:45:00,02:41:00,,
1,13029,489,51.543201,0.038723,06/03/2020 00:00,07:55:00,06/03/2020 00:00,08:22:00,00:27:00,2,16420,658,51.531061,-0.08416,10/03/2020 00:00,15:26:00,10/03/2020 00:00,15:26:00,00:00:00,3,18845,858,51.602385,-0.015564,14/03/2020 00:00,16:11:00,14/03/2020 00:00,16:11:00,00:00:00,,
1,13046,490,51.443037,-0.385142,06/03/2020 00:00,09:53:00,06/03/2020 00:00,11:19:00,01:26:00,2,16421,659,51.471726,-0.488628,10/03/2020 00:00,15:39:00,10/03/2020 00:00,15:39:00,00:00:00,3,18868,859,51.533377,-0.222564,14/03/2020 00:00,16:40:00,14/03/2020 00:00,16:40:00,00:00:00,,
1,13122,491,51.504844,-0.100278,06/03/2020 00:00,12:44:00,06/03/2020 00:00,13:06:00,00:22:00,2,16422,660,51.504831,-0.10019,10/03/2020 00:00,15:39:00,10/03/2020 00:00,15:50:00,00:11:00,3,18872,860,51.457934,-0.189216,14/03/2020 00:00,16:42:00,14/03/2020 00:00,16:42:00,00:00:00,,
1,13132,492,51.478999,-0.327673,06/03/2020 00:00,13:20:00,06/03/2020 00:00,14:08:00,00:48:00,2,16436,661,51.48849,-0.079297,10/03/2020 00:00,15:49:00,10/03/2020 00:00,15:49:00,00:00:00,3,18907,861,51.573326,-0.35854,14/03/2020 00:00,17:00:00,14/03/2020 00:00,20:03:00,03:03:00,,
1,13135,493,51.444467,0.004055,06/03/2020 00:00,13:23:00,06/03/2020 00:00,13:24:00,00:01:00,2,16438,662,51.522793,-0.093277,10/03/2020 00:00,15:59:00,10/03/2020 00:00,15:59:00,00:00:00,3,18951,862,51.596764,-0.24533,14/03/2020 00:00,17:12:00,14/03/2020 00:00,17:12:00,00:00:00,,
1,13172,494,51.504811,-0.100421,06/03/2020 00:00,15:42:00,06/03/2020 00:00,15:42:00,00:00:00,2,16439,663,51.504814,-0.100409,10/03/2020 00:00,16:47:00,10/03/2020 00:00,16:47:00,00:00:00,3,18965,863,51.503053,-0.247217,14/03/2020 00:00,17:16:00,14/03/2020 00:00,17:16:00,00:00:00,,
1,13173,495,51.538129,0.001607,06/03/2020 00:00,15:44:00,06/03/2020 00:00,16:45:00,01:01:00,2,16440,664,51.504814,-0.100409,10/03/2020 00:00,16:47:00,10/03/2020 00:00,16:48:00,00:01:00,3,18974,864,51.535314,-0.134998,14/03/2020 00:00,17:25:00,14/03/2020 00:00,17:25:00,00:00:00,,
1,13174,496,51.504811,-0.100421,06/03/2020 00:00,15:45:00,06/03/2020 00:00,15:45:00,00:00:00,2,16442,665,51.504814,-0.100409,10/03/2020 00:00,16:48:00,10/03/2020 00:00,16:48:00,00:00:00,3,18976,865,51.535314,-0.134998,14/03/2020 00:00,17:26:00,14/03/2020 00:00,17:28:00,00:02:00,,
1,13181,497,51.505172,-0.020111,06/03/2020 00:00,15:50:00,06/03/2020 00:00,16:35:00,00:45:00,2,16443,666,51.504814,-0.100409,10/03/2020 00:00,16:49:00,10/03/2020 00:00,16:49:00,00:00:00,3,18993,866,51.493506,-0.239247,14/03/2020 00:00,17:31:00,14/03/2020 00:00,17:31:00,00:00:00,,
1,13201,498,51.535789,-0.140152,06/03/2020 00:00,16:09:00,06/03/2020 00:00,17:18:00,01:09:00,2,16444,667,51.504814,-0.100409,10/03/2020 00:00,16:49:00,10/03/2020 00:00,16:49:00,00:00:00,3,19000,867,51.535312,-0.134999,14/03/2020 00:00,17:32:00,14/03/2020 00:00,17:32:00,00:00:00,,
1,13307,499,51.504812,-0.100411,06/03/2020 00:00,16:58:00,06/03/2020 00:00,17:03:00,00:05:00,2,16445,668,51.504814,-0.100409,10/03/2020 00:00,16:50:00,10/03/2020 00:00,16:50:00,00:00:00,3,19118,868,51.371885,-0.119093,14/03/2020 00:00,18:07:00,14/03/2020 00:00,18:07:00,00:00:00,,
1,13310,500,51.504993,-0.1004,06/03/2020 00:00,16:59:00,06/03/2020 00:00,16:59:00,00:00:00,2,16446,669,51.504814,-0.100409,10/03/2020 00:00,16:50:00,10/03/2020 00:00,16:50:00,00:00:00,3,19123,869,51.45958,-0.140802,14/03/2020 00:00,18:10:00,14/03/2020 00:00,18:12:00,00:02:00,,
1,13341,501,51.497695,-0.077465,06/03/2020 00:00,17:49:00,06/03/2020 00:00,17:50:00,00:01:00,2,16447,670,51.504814,-0.100409,10/03/2020 00:00,16:50:00,10/03/2020 00:00,16:50:00,00:00:00,3,19218,870,51.596625,-0.398932,14/03/2020 00:00,18:50:00,14/03/2020 00:00,19:14:00,00:24:00,,
1,13343,502,51.474189,-0.182921,06/03/2020 00:00,18:05:00,06/03/2020 00:00,18:05:00,00:00:00,2,16448,671,51.504814,-0.100409,10/03/2020 00:00,16:51:00,10/03/2020 00:00,16:51:00,00:00:00,3,19290,871,51.530872,-0.085283,14/03/2020 00:00,19:37:00,14/03/2020 00:00,19:37:00,00:00:00,,
1,13344,503,51.531702,-0.075531,06/03/2020 00:00,18:55:00,06/03/2020 00:00,19:42:00,00:47:00,2,16450,672,51.522412,-0.100095,10/03/2020 00:00,16:52:00,10/03/2020 00:00,16:52:00,00:00:00,3,19320,872,51.4952,-0.098893,14/03/2020 00:00,19:59:00,14/03/2020 00:00,19:59:00,00:00:00,,
1,13406,504,51.474196,-0.182934,06/03/2020 00:00,19:37:00,06/03/2020 00:00,20:26:00,00:49:00,2,16451,673,51.595113,-0.143173,10/03/2020 00:00,17:01:00,10/03/2020 00:00,17:01:00,00:00:00,3,19327,873,51.461919,-0.117425,14/03/2020 00:00,20:06:00,14/03/2020 00:00,20:40:00,00:34:00,,
1,13430,505,51.511515,-0.071962,06/03/2020 00:00,20:59:00,06/03/2020 00:00,21:41:00,00:42:00,2,16452,674,51.540024,-0.141557,10/03/2020 00:00,17:04:00,10/03/2020 00:00,17:04:00,00:00:00,3,19351,874,51.533465,-0.1065,14/03/2020 00:00,20:52:00,14/03/2020 00:00,20:52:00,00:00:00,,
1,13446,506,51.454313,-0.473887,06/03/2020 00:00,21:25:00,06/03/2020 00:00,21:25:00,00:00:00,2,16453,675,51.389001,-0.188664,10/03/2020 00:00,17:05:00,10/03/2020 00:00,17:05:00,00:00:00,3,19352,875,51.520102,-0.098274,14/03/2020 00:00,20:54:00,14/03/2020 00:00,20:55:00,00:01:00,,
1,13476,507,51.531034,-0.083888,06/03/2020 00:00,22:11:00,06/03/2020 00:00,22:11:00,00:00:00,2,16454,676,51.512828,-0.117128,10/03/2020 00:00,17:52:00,10/03/2020 00:00,17:52:00,00:00:00,3,19354,876,51.526284,-0.041224,14/03/2020 00:00,21:09:00,14/03/2020 00:00,21:13:00,00:04:00,,
1,13477,508,51.550738,-0.033464,06/03/2020 00:00,22:31:00,06/03/2020 00:00,22:31:00,00:00:00,2,16455,677,51.497995,-0.16268,10/03/2020 00:00,17:53:00,10/03/2020 00:00,17:53:00,00:00:00,3,19362,877,51.643347,-0.500268,14/03/2020 00:00,21:42:00,14/03/2020 00:00,21:43:00,00:01:00,,
1,13478,509,51.490735,-0.080121,06/03/2020 00:00,22:45:00,06/03/2020 00:00,22:45:00,00:00:00,2,16456,678,51.504315,-0.219299,10/03/2020 00:00,17:55:00,10/03/2020 00:00,17:55:00,00:00:00,3,19364,878,51.463155,-0.143795,14/03/2020 00:00,22:15:00,14/03/2020 00:00,22:53:00,00:38:00,,
1,13479,510,51.509477,-0.079759,06/03/2020 00:00,23:01:00,06/03/2020 00:00,23:01:00,00:00:00,2,16457,679,51.460307,-0.21406,10/03/2020 00:00,18:01:00,10/03/2020 00:00,18:01:00,00:00:00,3,19377,879,51.469523,-0.21008,14/03/2020 00:00,23:47:00,14/03/2020 00:00,23:47:00,00:00:00,,
1,13480,511,51.452792,-0.027652,06/03/2020 00:00,23:05:00,06/03/2020 00:00,23:05:00,00:00:00,2,16458,680,51.505211,-0.08755,10/03/2020 00:00,18:08:00,10/03/2020 00:00,20:14:00,02:06:00,3,19378,880,51.493499,-0.239634,15/03/2020 00:00,00:26:00,15/03/2020 00:00,00:26:00,00:00:00,,
1,13481,512,51.548678,-0.203585,06/03/2020 00:00,23:54:00,06/03/2020 00:00,23:54:00,00:00:00,2,16459,681,51.703056,-0.4111,10/03/2020 00:00,18:09:00,10/03/2020 00:00,18:09:00,00:00:00,3,19379,881,51.420432,-0.061303,15/03/2020 00:00,05:33:00,15/03/2020 00:00,05:33:00,00:00:00,,
1,13482,513,51.571798,-0.198247,07/03/2020 00:00,00:26:00,07/03/2020 00:00,00:26:00,00:00:00,2,16478,682,51.463751,-0.416052,10/03/2020 00:00,18:22:00,10/03/2020 00:00,18:22:00,00:00:00,3,19380,882,51.566595,0.003766,15/03/2020 00:00,09:57:00,15/03/2020 00:00,11:32:00,01:35:00,,
1,13483,514,51.571798,-0.198247,07/03/2020 00:00,00:31:00,07/03/2020 00:00,00:31:00,00:00:00,2,16480,683,51.528003,-0.111173,10/03/2020 00:00,18:30:00,10/03/2020 00:00,18:30:00,00:00:00,3,19423,883,51.344018,-0.109274,15/03/2020 00:00,10:31:00,15/03/2020 00:00,10:31:00,00:00:00,,
1,13484,515,51.536257,-0.116704,07/03/2020 00:00,04:23:00,07/03/2020 00:00,04:23:00,00:00:00,2,16481,684,51.523949,-0.099154,10/03/2020 00:00,18:32:00,10/03/2020 00:00,18:32:00,00:00:00,3,19435,884,51.527604,-0.143447,15/03/2020 00:00,10:57:00,15/03/2020 00:00,10:57:00,00:00:00,,
1,13485,516,51.45842,-0.460625,07/03/2020 00:00,07:07:00,07/03/2020 00:00,07:07:00,00:00:00,2,16504,685,51.619768,-0.106682,10/03/2020 00:00,18:43:00,10/03/2020 00:00,18:43:00,00:00:00,3,19475,885,51.56854,-0.030638,15/03/2020 00:00,11:40:00,15/03/2020 00:00,13:05:00,01:25:00,,
1,13486,517,51.507339,-0.224478,07/03/2020 00:00,08:13:00,07/03/2020 00:00,08:13:00,00:00:00,2,16519,686,51.504131,-0.083913,10/03/2020 00:00,18:50:00,10/03/2020 00:00,18:50:00,00:00:00,3,19500,886,51.571591,-0.210365,15/03/2020 00:00,12:03:00,15/03/2020 00:00,12:03:00,00:00:00,,
1,13487,518,51.597703,-0.110415,07/03/2020 00:00,08:13:00,07/03/2020 00:00,11:10:00,02:57:00,2,16531,687,51.516584,-0.129802,10/03/2020 00:00,18:56:00,10/03/2020 00:00,18:56:00,00:00:00,3,19515,887,51.451489,-0.099179,15/03/2020 00:00,12:10:00,15/03/2020 00:00,12:10:00,00:00:00,,
1,13507,519,51.634131,0.343292,07/03/2020 00:00,08:47:00,07/03/2020 00:00,08:47:00,00:00:00,2,16606,688,51.343954,-0.109423,10/03/2020 00:00,20:03:00,10/03/2020 00:00,20:03:00,00:00:00,3,19517,888,51.451489,-0.099179,15/03/2020 00:00,12:12:00,15/03/2020 00:00,12:12:00,00:00:00,,
1,13508,520,51.476634,0.089531,07/03/2020 00:00,09:00:00,07/03/2020 00:00,09:00:00,00:00:00,2,16607,689,51.532391,-0.032395,10/03/2020 00:00,20:06:00,10/03/2020 00:00,20:06:00,00:00:00,3,19579,889,51.533369,-0.222547,15/03/2020 00:00,13:02:00,15/03/2020 00:00,13:02:00,00:00:00,,
1,13509,521,51.521136,-0.189073,07/03/2020 00:00,09:19:00,07/03/2020 00:00,09:19:00,00:00:00,2,16612,690,51.506277,-0.115758,10/03/2020 00:00,20:28:00,10/03/2020 00:00,20:28:00,00:00:00,3,19584,890,51.523193,-0.176176,15/03/2020 00:00,13:10:00,15/03/2020 00:00,13:10:00,00:00:00,,
1,13520,522,51.399874,-0.180947,07/03/2020 00:00,11:06:00,07/03/2020 00:00,11:06:00,00:00:00,2,16613,691,51.454357,-0.473872,10/03/2020 00:00,20:50:00,10/03/2020 00:00,20:50:00,00:00:00,3,19585,891,51.473099,-0.398532,15/03/2020 00:00,13:17:00,15/03/2020 00:00,13:17:00,00:00:00,,
1,13522,523,51.39988,-0.180907,07/03/2020 00:00,11:19:00,07/03/2020 00:00,11:19:00,00:00:00,2,16614,692,51.569307,-0.194907,10/03/2020 00:00,23:11:00,10/03/2020 00:00,23:11:00,00:00:00,3,19586,892,51.541019,-0.201409,15/03/2020 00:00,13:19:00,15/03/2020 00:00,13:19:00,00:00:00,,
1,13523,524,51.546818,0.033167,07/03/2020 00:00,12:07:00,07/03/2020 00:00,12:09:00,00:02:00,2,16615,693,51.333991,-0.126644,10/03/2020 00:00,23:26:00,10/03/2020 00:00,23:26:00,00:00:00,3,19587,893,51.569705,-0.0314,15/03/2020 00:00,13:19:00,15/03/2020 00:00,13:46:00,00:27:00,,
1,13526,525,51.401562,-0.190709,07/03/2020 00:00,12:09:00,07/03/2020 00:00,12:09:00,00:00:00,2,16616,694,51.53641,-0.116513,11/03/2020 00:00,00:55:00,11/03/2020 00:00,00:55:00,00:00:00,3,19595,894,51.527604,-0.143447,15/03/2020 00:00,13:31:00,15/03/2020 00:00,13:31:00,00:00:00,,
1,13527,526,51.452757,-0.027464,07/03/2020 00:00,12:33:00,07/03/2020 00:00,12:33:00,00:00:00,2,16617,695,51.536245,-0.116717,11/03/2020 00:00,00:58:00,11/03/2020 00:00,00:58:00,00:00:00,3,19610,895,51.519005,-0.207267,15/03/2020 00:00,13:59:00,15/03/2020 00:00,13:59:00,00:00:00,,
1,13528,527,51.578469,-0.128115,07/03/2020 00:00,12:40:00,07/03/2020 00:00,13:31:00,00:51:00,2,16618,696,51.433198,-0.01908,11/03/2020 00:00,05:23:00,11/03/2020 00:00,05:23:00,00:00:00,3,19611,896,51.54339,-0.138489,15/03/2020 00:00,14:17:00,15/03/2020 00:00,14:17:00,00:00:00,,
1,13551,528,51.525534,-0.128923,07/03/2020 00:00,13:07:00,07/03/2020 00:00,13:07:00,00:00:00,2,16619,697,51.498839,-0.380381,11/03/2020 00:00,06:45:00,11/03/2020 00:00,06:45:00,00:00:00,3,19612,897,51.543552,-0.139384,15/03/2020 00:00,14:26:00,15/03/2020 00:00,14:26:00,00:00:00,,
1,13588,529,51.490494,-0.231155,07/03/2020 00:00,14:22:00,07/03/2020 00:00,14:22:00,00:00:00,2,16620,698,51.498839,-0.380381,11/03/2020 00:00,07:23:00,11/03/2020 00:00,07:23:00,00:00:00,3,19613,898,51.488732,-0.076399,15/03/2020 00:00,14:30:00,15/03/2020 00:00,14:30:00,00:00:00,,
1,13589,530,51.594617,0.084585,07/03/2020 00:00,14:24:00,07/03/2020 00:00,14:24:00,00:00:00,2,16621,699,51.594589,0.084635,11/03/2020 00:00,07:32:00,11/03/2020 00:00,07:32:00,00:00:00,3,19614,899,51.488732,-0.076399,15/03/2020 00:00,14:30:00,15/03/2020 00:00,14:30:00,00:00:00,,
1,13590,531,51.53389,0.072178,07/03/2020 00:00,15:49:00,07/03/2020 00:00,17:24:00,01:35:00,2,16622,700,51.599735,-0.181516,11/03/2020 00:00,07:34:00,11/03/2020 00:00,07:34:00,00:00:00,3,19615,900,51.461892,-0.11736,15/03/2020 00:00,15:01:00,15/03/2020 00:00,16:24:00,01:23:00,,
1,13600,532,51.515999,-0.146936,07/03/2020 00:00,16:01:00,07/03/2020 00:00,16:01:00,00:00:00,2,16623,701,51.4618,-0.132214,11/03/2020 00:00,07:44:00,11/03/2020 00:00,07:44:00,00:00:00,3,19616,901,51.469474,-0.209807,15/03/2020 00:00,15:03:00,15/03/2020 00:00,15:03:00,00:00:00,,
1,13602,533,51.515999,-0.146936,07/03/2020 00:00,16:02:00,07/03/2020 00:00,16:02:00,00:00:00,2,16624,702,51.474174,-0.182936,11/03/2020 00:00,07:49:00,11/03/2020 00:00,09:04:00,01:15:00,3,19640,902,51.529875,-0.139387,15/03/2020 00:00,15:36:00,15/03/2020 00:00,15:44:00,00:08:00,,
1,13652,534,51.514033,-0.141474,07/03/2020 00:00,16:56:00,07/03/2020 00:00,16:56:00,00:00:00,2,16630,703,51.63413,0.343288,11/03/2020 00:00,07:54:00,11/03/2020 00:00,07:54:00,00:00:00,3,19679,903,51.593938,-0.226778,15/03/2020 00:00,16:48:00,15/03/2020 00:00,16:48:00,00:00:00,,
1,13655,535,51.513996,-0.141798,07/03/2020 00:00,16:57:00,07/03/2020 00:00,16:57:00,00:00:00,2,16633,704,51.542912,0.038736,11/03/2020 00:00,07:55:00,11/03/2020 00:00,08:32:00,00:37:00,3,19680,904,51.523224,-0.176806,15/03/2020 00:00,17:27:00,15/03/2020 00:00,17:27:00,00:00:00,,
1,13699,536,51.53566,-0.237751,07/03/2020 00:00,17:24:00,07/03/2020 00:00,17:24:00,00:00:00,2,16636,705,51.522472,-0.420853,11/03/2020 00:00,07:56:00,11/03/2020 00:00,07:56:00,00:00:00,3,19681,905,51.53352,-0.106972,15/03/2020 00:00,17:47:00,15/03/2020 00:00,17:47:00,00:00:00,,
1,13700,537,51.493284,-0.433756,07/03/2020 00:00,17:29:00,07/03/2020 00:00,19:05:00,01:36:00,2,16672,706,51.566593,-0.094345,11/03/2020 00:00,08:06:00,11/03/2020 00:00,08:06:00,00:00:00,3,19682,906,51.49328,-0.433742,15/03/2020 00:00,17:54:00,15/03/2020 00:00,20:13:00,02:19:00,,
1,13768,538,51.507989,-0.220612,07/03/2020 00:00,19:00:00,07/03/2020 00:00,19:00:00,00:00:00,2,16680,707,51.466536,-0.170876,11/03/2020 00:00,08:07:00,11/03/2020 00:00,08:07:00,00:00:00,3,19803,907,51.454446,-0.474003,15/03/2020 00:00,19:10:00,15/03/2020 00:00,19:10:00,00:00:00,,
1,13776,539,51.599805,-0.181588,07/03/2020 00:00,21:45:00,07/03/2020 00:00,21:45:00,00:00:00,2,16685,708,51.494316,-0.338293,11/03/2020 00:00,08:09:00,11/03/2020 00:00,08:09:00,00:00:00,3,19813,908,51.477292,-0.169394,15/03/2020 00:00,19:19:00,15/03/2020 00:00,19:19:00,00:00:00,,
1,13777,540,51.513027,-0.124019,07/03/2020 00:00,22:02:00,07/03/2020 00:00,22:02:00,00:00:00,2,16759,709,51.461795,-0.117288,11/03/2020 00:00,08:36:00,11/03/2020 00:00,11:47:00,03:11:00,3,19857,909,51.442007,-0.145059,15/03/2020 00:00,19:43:00,15/03/2020 00:00,19:43:00,00:00:00,,
1,13778,541,51.536118,-0.140154,07/03/2020 00:00,23:36:00,08/03/2020 00:00,00:28:00,###############################################################################################################################################################################################################################################################,2,16773,710,51.535332,-0.237809,11/03/2020 00:00,08:40:00,11/03/2020 00:00,08:40:00,00:00:00,3,19867,910,51.479017,-0.15341,15/03/2020 00:00,19:50:00,15/03/2020 00:00,19:50:00,00:00:00,,
1,13879,542,51.481094,-0.126861,08/03/2020 00:00,08:43:00,08/03/2020 00:00,08:43:00,00:00:00,2,16783,711,51.477125,-0.169206,11/03/2020 00:00,08:46:00,11/03/2020 00:00,08:46:00,00:00:00,3,19911,911,51.417735,-0.023261,15/03/2020 00:00,21:00:00,15/03/2020 00:00,21:00:00,00:00:00,,
1,13880,543,51.542992,0.03871,08/03/2020 00:00,09:48:00,08/03/2020 00:00,10:30:00,00:42:00,2,16786,712,51.528986,-0.077351,11/03/2020 00:00,08:51:00,11/03/2020 00:00,08:51:00,00:00:00,3,19912,912,51.422618,-0.129189,15/03/2020 00:00,23:36:00,15/03/2020 00:00,23:36:00,00:00:00,,
1,13958,544,51.520217,-0.189561,08/03/2020 00:00,11:04:00,08/03/2020 00:00,11:04:00,00:00:00,2,16832,713,51.54682,0.033204,11/03/2020 00:00,09:25:00,11/03/2020 00:00,10:43:00,01:18:00,3,19913,913,51.879837,-0.376051,15/03/2020 00:00,23:37:00,15/03/2020 00:00,23:37:00,00:00:00,,
1,13959,545,51.533888,0.072208,08/03/2020 00:00,11:36:00,08/03/2020 00:00,17:36:00,06:00:00,2,16846,714,51.462811,-0.121834,11/03/2020 00:00,09:31:00,11/03/2020 00:00,09:31:00,00:00:00,3,19914,914,51.442055,-0.144994,16/03/2020 00:00,07:28:00,16/03/2020 00:00,07:28:00,00:00:00,,
1,13963,546,51.476827,-0.098383,08/03/2020 00:00,11:38:00,08/03/2020 00:00,11:38:00,00:00:00,2,16877,715,51.398208,-0.144652,11/03/2020 00:00,10:06:00,11/03/2020 00:00,10:06:00,00:00:00,3,19915,915,51.45485,-0.006653,16/03/2020 00:00,07:46:00,16/03/2020 00:00,07:46:00,00:00:00,,
1,14015,547,51.526335,0.080913,08/03/2020 00:00,12:04:00,08/03/2020 00:00,13:13:00,01:09:00,2,16878,716,51.388279,0.504923,11/03/2020 00:00,10:07:00,11/03/2020 00:00,10:07:00,00:00:00,3,19916,916,51.475217,-0.047587,16/03/2020 00:00,08:00:00,16/03/2020 00:00,08:52:00,00:52:00,,
1,14112,548,51.444482,0.004021,08/03/2020 00:00,12:47:00,08/03/2020 00:00,13:11:00,00:24:00,2,16880,717,51.469559,-0.171427,11/03/2020 00:00,10:11:00,11/03/2020 00:00,10:11:00,00:00:00,3,19920,917,51.56663,-0.094351,16/03/2020 00:00,08:02:00,16/03/2020 00:00,08:02:00,00:00:00,,
1,14135,549,51.521771,0.07222,08/03/2020 00:00,13:21:00,08/03/2020 00:00,13:52:00,00:31:00,2,16894,718,51.547409,-0.479093,11/03/2020 00:00,10:35:00,11/03/2020 00:00,10:35:00,00:00:00,3,19921,918,51.53531,-0.135013,16/03/2020 00:00,08:02:00,16/03/2020 00:00,08:33:00,00:31:00,,
1,14226,550,51.44205,-0.144902,08/03/2020 00:00,14:17:00,08/03/2020 00:00,14:17:00,00:00:00,2,16912,719,51.414292,-0.060258,11/03/2020 00:00,11:15:00,11/03/2020 00:00,11:15:00,00:00:00,3,19939,919,51.459559,-0.140889,16/03/2020 00:00,08:07:00,16/03/2020 00:00,08:58:00,00:51:00,,
1,14346,551,51.531574,-0.08098,08/03/2020 00:00,16:09:00,08/03/2020 00:00,16:09:00,00:00:00,2,16916,720,51.51639,-0.099947,11/03/2020 00:00,11:31:00,11/03/2020 00:00,11:31:00,00:00:00,3,20061,920,51.504806,-0.100434,16/03/2020 00:00,08:34:00,16/03/2020 00:00,08:34:00,00:00:00,,
1,14368,552,51.599658,-0.107521,08/03/2020 00:00,18:07:00,08/03/2020 00:00,18:07:00,00:00:00,2,16920,721,51.530986,-0.083219,11/03/2020 00:00,11:35:00,11/03/2020 00:00,11:35:00,00:00:00,3,20116,921,51.504993,-0.100458,16/03/2020 00:00,09:18:00,16/03/2020 00:00,09:18:00,00:00:00,,
1,14369,553,51.600503,-0.103547,08/03/2020 00:00,18:44:00,08/03/2020 00:00,21:47:00,03:03:00,2,16927,722,51.491834,-0.082422,11/03/2020 00:00,12:19:00,11/03/2020 00:00,12:19:00,00:00:00,3,20117,922,51.504997,-0.100425,16/03/2020 00:00,09:19:00,16/03/2020 00:00,09:19:00,00:00:00,,
1,14513,554,51.454946,-0.006792,08/03/2020 00:00,20:25:00,08/03/2020 00:00,20:25:00,00:00:00,2,16928,723,51.578006,-0.321268,11/03/2020 00:00,12:37:00,11/03/2020 00:00,13:38:00,01:01:00,3,20118,923,51.505005,-0.100435,16/03/2020 00:00,09:20:00,16/03/2020 00:00,09:20:00,00:00:00,,
1,14638,555,51.461889,-0.117515,08/03/2020 00:00,22:35:00,08/03/2020 00:00,22:35:00,00:00:00,2,16942,724,51.492105,-0.23281,11/03/2020 00:00,12:48:00,11/03/2020 00:00,12:48:00,00:00:00,3,20119,924,51.571536,-0.210293,16/03/2020 00:00,09:21:00,16/03/2020 00:00,09:21:00,00:00:00,,
1,14639,556,51.634127,0.343317,09/03/2020 00:00,07:20:00,09/03/2020 00:00,07:20:00,00:00:00,2,16961,725,51.522942,-0.102192,11/03/2020 00:00,12:59:00,11/03/2020 00:00,12:59:00,00:00:00,3,20120,925,52.214965,-0.900048,16/03/2020 00:00,09:40:00,16/03/2020 00:00,14:06:00,04:26:00,,
1,14640,557,51.474189,-0.182923,09/03/2020 00:00,07:48:00,09/03/2020 00:00,09:02:00,01:14:00,2,16968,726,51.516226,-0.130092,11/03/2020 00:00,13:07:00,11/03/2020 00:00,13:07:00,00:00:00,3,20131,926,51.499373,-0.095504,16/03/2020 00:00,09:48:00,16/03/2020 00:00,11:03:00,01:15:00,,
1,14642,558,51.461829,-0.132244,09/03/2020 00:00,07:49:00,09/03/2020 00:00,07:49:00,00:00:00,2,16985,727,51.544208,-0.008156,11/03/2020 00:00,13:26:00,11/03/2020 00:00,13:26:00,00:00:00,3,20281,927,51.504987,-0.100423,16/03/2020 00:00,10:41:00,16/03/2020 00:00,10:41:00,00:00:00,,
1,14653,559,51.548797,-0.203496,09/03/2020 00:00,07:54:00,09/03/2020 00:00,07:54:00,00:00:00,2,16988,728,51.445474,-0.329755,11/03/2020 00:00,13:30:00,11/03/2020 00:00,13:30:00,00:00:00,3,20307,928,51.505017,-0.10043,16/03/2020 00:00,10:48:00,16/03/2020 00:00,10:48:00,00:00:00,,
1,14656,560,51.454886,-0.006727,09/03/2020 00:00,07:55:00,09/03/2020 00:00,07:55:00,00:00:00,2,17003,729,51.513633,-0.103545,11/03/2020 00:00,13:53:00,11/03/2020 00:00,13:53:00,00:00:00,3,20322,929,51.504984,-0.100431,16/03/2020 00:00,10:54:00,16/03/2020 00:00,10:54:00,00:00:00,,
1,14662,561,51.542751,0.038514,09/03/2020 00:00,07:58:00,09/03/2020 00:00,08:36:00,00:38:00,2,17004,730,51.578005,-0.321268,11/03/2020 00:00,14:11:00,11/03/2020 00:00,14:49:00,00:38:00,3,20325,930,51.504995,-0.100442,16/03/2020 00:00,10:55:00,16/03/2020 00:00,10:55:00,00:00:00,,
1,14691,562,51.461924,-0.11736,09/03/2020 00:00,08:09:00,09/03/2020 00:00,08:43:00,00:34:00,2,17010,731,51.530188,-0.123464,11/03/2020 00:00,14:14:00,11/03/2020 00:00,14:14:00,00:00:00,3,20327,931,51.504959,-0.100434,16/03/2020 00:00,10:56:00,16/03/2020 00:00,10:56:00,00:00:00,,
1,14791,563,51.477307,-0.169171,09/03/2020 00:00,08:42:00,09/03/2020 00:00,08:42:00,00:00:00,2,17031,732,51.599651,-0.107532,11/03/2020 00:00,14:24:00,11/03/2020 00:00,14:24:00,00:00:00,3,20333,932,51.504996,-0.100426,16/03/2020 00:00,10:57:00,16/03/2020 00:00,10:57:00,00:00:00,,
1,14795,564,51.466422,-0.169905,09/03/2020 00:00,08:44:00,09/03/2020 00:00,08:44:00,00:00:00,2,17037,733,51.504996,-0.100405,11/03/2020 00:00,14:27:00,11/03/2020 00:00,14:27:00,00:00:00,3,20334,933,51.533395,-0.222664,16/03/2020 00:00,10:58:00,16/03/2020 00:00,10:58:00,00:00:00,,
1,14800,565,51.529061,-0.077404,09/03/2020 00:00,08:53:00,09/03/2020 00:00,08:53:00,00:00:00,2,17077,734,51.535362,-0.237772,11/03/2020 00:00,14:48:00,11/03/2020 00:00,14:48:00,00:00:00,3,20460,934,51.542471,0.071652,16/03/2020 00:00,12:06:00,16/03/2020 00:00,12:06:00,00:00:00,,
1,14804,566,51.5048,-0.100431,09/03/2020 00:00,08:55:00,09/03/2020 00:00,08:55:00,00:00:00,2,17080,735,51.456651,-0.019451,11/03/2020 00:00,14:49:00,11/03/2020 00:00,14:49:00,00:00:00,3,20492,935,51.473103,-0.398737,16/03/2020 00:00,12:24:00,16/03/2020 00:00,12:24:00,00:00:00,,
1,14814,567,51.510492,-0.08601,09/03/2020 00:00,09:14:00,09/03/2020 00:00,09:14:00,00:00:00,2,17082,736,51.46582,-0.036895,11/03/2020 00:00,15:24:00,11/03/2020 00:00,15:24:00,00:00:00,3,20498,936,51.491419,-0.231779,16/03/2020 00:00,12:35:00,16/03/2020 00:00,12:35:00,00:00:00,,
1,14815,568,51.59975,-0.181556,09/03/2020 00:00,09:35:00,09/03/2020 00:00,09:35:00,00:00:00,2,17083,737,51.446231,-0.422626,11/03/2020 00:00,15:34:00,11/03/2020 00:00,15:34:00,00:00:00,3,20520,937,51.583757,-0.229408,16/03/2020 00:00,12:59:00,16/03/2020 00:00,12:59:00,00:00:00,,
1,14816,569,51.504811,-0.100413,09/03/2020 00:00,09:59:00,09/03/2020 00:00,11:17:00,01:18:00,2,17084,738,51.594118,-0.311444,11/03/2020 00:00,15:34:00,11/03/2020 00:00,16:44:00,01:10:00,3,20526,938,51.469336,-0.359492,16/03/2020 00:00,13:02:00,16/03/2020 00:00,13:02:00,00:00:00,,
1,14873,570,51.49328,-0.433698,09/03/2020 00:00,11:33:00,09/03/2020 00:00,15:11:00,03:38:00,2,17089,739,51.494292,-0.172736,11/03/2020 00:00,15:36:00,11/03/2020 00:00,15:36:00,00:00:00,3,20535,939,51.504983,-0.100448,16/03/2020 00:00,13:17:00,16/03/2020 00:00,13:17:00,00:00:00,,
1,14904,571,51.636945,0.057914,09/03/2020 00:00,11:49:00,09/03/2020 00:00,11:49:00,00:00:00,2,17126,740,51.475157,0.068875,11/03/2020 00:00,16:00:00,11/03/2020 00:00,16:00:00,00:00:00,3,20536,940,51.504973,-0.100444,16/03/2020 00:00,13:18:00,16/03/2020 00:00,13:18:00,00:00:00,,
1,14925,572,51.504815,-0.100429,09/03/2020 00:00,11:59:00,09/03/2020 00:00,12:02:00,00:03:00,2,17128,741,51.3436,-0.109915,11/03/2020 00:00,16:02:00,11/03/2020 00:00,16:02:00,00:00:00,3,20548,941,51.493375,-0.164965,16/03/2020 00:00,13:56:00,16/03/2020 00:00,13:56:00,00:00:00,,
1,14938,573,51.515733,-0.099327,09/03/2020 00:00,12:03:00,09/03/2020 00:00,12:03:00,00:00:00,2,17141,742,51.53289,-0.105997,11/03/2020 00:00,16:18:00,11/03/2020 00:00,16:18:00,00:00:00,3,20556,942,52.231158,-0.888776,16/03/2020 00:00,14:06:00,16/03/2020 00:00,15:14:00,01:08:00,,
1,14943,574,51.504812,-0.100411,09/03/2020 00:00,12:05:00,09/03/2020 00:00,12:06:00,00:01:00,2,17166,743,51.511419,-0.128272,11/03/2020 00:00,16:59:00,11/03/2020 00:00,16:59:00,00:00:00,3,20578,943,51.437421,-0.166924,16/03/2020 00:00,14:18:00,16/03/2020 00:00,14:18:00,00:00:00,,
1,14947,575,51.504812,-0.100411,09/03/2020 00:00,12:06:00,09/03/2020 00:00,12:07:00,00:01:00,2,17167,744,51.461121,-0.218381,11/03/2020 00:00,17:02:00,11/03/2020 00:00,17:02:00,00:00:00,3,20607,944,51.523362,-0.132954,16/03/2020 00:00,14:43:00,16/03/2020 00:00,14:43:00,00:00:00,,
1,14953,576,51.504812,-0.100411,09/03/2020 00:00,12:08:00,09/03/2020 00:00,12:08:00,00:00:00,2,17168,745,51.511803,-0.10268,11/03/2020 00:00,17:14:00,11/03/2020 00:00,17:14:00,00:00:00,3,20608,945,51.437332,-0.166897,16/03/2020 00:00,14:44:00,16/03/2020 00:00,14:44:00,00:00:00,,
1,14954,577,51.504812,-0.100411,09/03/2020 00:00,12:08:00,09/03/2020 00:00,12:08:00,00:00:00,2,17169,746,51.536498,-0.234879,11/03/2020 00:00,17:28:00,11/03/2020 00:00,17:28:00,00:00:00,3,20609,946,51.626104,0.010317,16/03/2020 00:00,14:45:00,16/03/2020 00:00,14:45:00,00:00:00,,
1,14956,578,51.504812,-0.100411,09/03/2020 00:00,12:08:00,09/03/2020 00:00,12:09:00,00:01:00,2,17170,747,51.493375,-0.167253,11/03/2020 00:00,17:53:00,11/03/2020 00:00,17:53:00,00:00:00,3,20616,947,51.47204,-0.48965,16/03/2020 00:00,15:15:00,16/03/2020 00:00,15:15:00,00:00:00,,
1,14960,579,51.504812,-0.100411,09/03/2020 00:00,12:09:00,09/03/2020 00:00,15:07:00,02:58:00,2,17171,748,51.448471,-0.323873,11/03/2020 00:00,18:10:00,11/03/2020 00:00,18:10:00,00:00:00,3,20617,948,51.507422,-0.221279,16/03/2020 00:00,15:15:00,16/03/2020 00:00,15:15:00,00:00:00,,
1,14961,580,51.529337,-0.129838,09/03/2020 00:00,12:09:00,09/03/2020 00:00,12:09:00,00:00:00,2,17172,749,51.520369,-0.078836,11/03/2020 00:00,18:25:00,11/03/2020 00:00,18:25:00,00:00:00,3,20618,949,51.603541,-0.019604,16/03/2020 00:00,15:56:00,16/03/2020 00:00,15:56:00,00:00:00,,
1,15030,581,51.504827,-0.100338,09/03/2020 00:00,12:28:00,09/03/2020 00:00,13:03:00,00:35:00,2,17173,750,51.520005,-0.118715,11/03/2020 00:00,18:26:00,11/03/2020 00:00,18:26:00,00:00:00,3,20619,950,51.518045,-0.141079,16/03/2020 00:00,16:02:00,16/03/2020 00:00,16:02:00,00:00:00,,
1,15031,582,51.578474,-0.128136,09/03/2020 00:00,12:28:00,09/03/2020 00:00,13:13:00,00:45:00,2,17174,751,51.443262,0.01508,11/03/2020 00:00,18:59:00,11/03/2020 00:00,18:59:00,00:00:00,3,20620,951,51.599745,-0.181506,16/03/2020 00:00,16:23:00,16/03/2020 00:00,16:23:00,00:00:00,,
1,15106,583,51.46109,-0.218097,09/03/2020 00:00,12:40:00,09/03/2020 00:00,12:40:00,00:00:00,2,17175,752,51.529069,-0.077604,11/03/2020 00:00,19:03:00,11/03/2020 00:00,19:03:00,00:00:00,3,20621,952,51.478828,-0.357926,16/03/2020 00:00,16:35:00,16/03/2020 00:00,16:35:00,00:00:00,,
1,15203,584,51.531489,-0.081286,09/03/2020 00:00,12:53:00,09/03/2020 00:00,12:53:00,00:00:00,2,17176,753,51.506287,-0.115881,11/03/2020 00:00,19:05:00,11/03/2020 00:00,19:05:00,00:00:00,3,20622,953,51.459608,-0.140572,16/03/2020 00:00,16:40:00,16/03/2020 00:00,17:42:00,01:02:00,,
1,15267,585,51.505078,-0.100546,09/03/2020 00:00,13:03:00,09/03/2020 00:00,13:16:00,00:13:00,2,17177,754,51.51499,-0.104592,11/03/2020 00:00,19:28:00,11/03/2020 00:00,19:28:00,00:00:00,3,20636,954,51.385618,-0.087968,16/03/2020 00:00,17:02:00,16/03/2020 00:00,17:02:00,00:00:00,,
1,15314,586,51.503978,-0.245669,09/03/2020 00:00,13:11:00,09/03/2020 00:00,13:11:00,00:00:00,2,17178,755,51.376261,-0.093921,11/03/2020 00:00,20:10:00,11/03/2020 00:00,21:00:00,00:50:00,3,20688,955,51.513586,-0.115616,16/03/2020 00:00,17:39:00,16/03/2020 00:00,18:34:00,00:55:00,,
1,15345,587,51.578014,-0.321276,09/03/2020 00:00,13:18:00,09/03/2020 00:00,13:19:00,00:01:00,2,17180,756,51.509394,-0.223732,11/03/2020 00:00,20:11:00,11/03/2020 00:00,20:11:00,00:00:00,3,20760,956,51.447201,-0.14914,16/03/2020 00:00,18:16:00,16/03/2020 00:00,18:47:00,00:31:00,,
1,15349,588,51.506259,-0.10143,09/03/2020 00:00,13:19:00,09/03/2020 00:00,13:19:00,00:00:00,2,17197,757,51.437785,0.000442,11/03/2020 00:00,20:26:00,11/03/2020 00:00,20:26:00,00:00:00,3,20777,957,51.524175,-0.099076,16/03/2020 00:00,18:22:00,16/03/2020 00:00,18:22:00,00:00:00,,
1,15353,589,51.488629,-0.078998,09/03/2020 00:00,13:21:00,09/03/2020 00:00,13:21:00,00:00:00,2,17225,758,52.214973,-0.900062,11/03/2020 00:00,20:58:00,12/03/2020 00:00,02:59:00,###############################################################################################################################################################################################################################################################,3,20812,958,51.515455,-0.163398,16/03/2020 00:00,18:37:00,16/03/2020 00:00,18:37:00,00:00:00,,
1,15394,590,51.703266,-0.410941,09/03/2020 00:00,13:40:00,09/03/2020 00:00,13:40:00,00:00:00,2,17434,759,51.492192,-0.035223,12/03/2020 00:00,05:27:00,12/03/2020 00:00,05:27:00,00:00:00,3,20822,959,51.468834,-0.171374,16/03/2020 00:00,19:07:00,16/03/2020 00:00,19:07:00,00:00:00,,
1,15415,591,51.504811,-0.100412,09/03/2020 00:00,13:46:00,09/03/2020 00:00,13:46:00,00:00:00,2,17435,760,51.413563,-0.06905,12/03/2020 00:00,05:45:00,12/03/2020 00:00,05:45:00,00:00:00,3,20823,960,51.55086,-0.033088,16/03/2020 00:00,19:58:00,16/03/2020 00:00,19:58:00,00:00:00,,
1,15420,592,51.504811,-0.100412,09/03/2020 00:00,13:48:00,09/03/2020 00:00,13:49:00,00:01:00,2,17436,761,51.634243,0.343481,12/03/2020 00:00,07:38:00,12/03/2020 00:00,07:38:00,00:00:00,3,20824,961,51.5613,-0.211911,16/03/2020 00:00,20:00:00,16/03/2020 00:00,20:00:00,00:00:00,,
1,15444,593,51.697013,-0.392417,09/03/2020 00:00,13:58:00,09/03/2020 00:00,13:58:00,00:00:00,2,17437,762,51.454214,-0.473702,12/03/2020 00:00,07:42:00,12/03/2020 00:00,07:42:00,00:00:00,3,20825,962,51.550711,-0.033216,16/03/2020 00:00,21:40:00,16/03/2020 00:00,21:40:00,00:00:00,,
1,15446,594,51.494966,-0.099512,09/03/2020 00:00,13:58:00,09/03/2020 00:00,13:58:00,00:00:00,2,17438,763,51.474184,-0.182935,12/03/2020 00:00,07:53:00,12/03/2020 00:00,09:10:00,01:17:00,3,20826,963,51.441942,-0.144959,17/03/2020 00:00,07:29:00,17/03/2020 00:00,07:29:00,00:00:00,,
1,15651,595,51.571742,-0.198412,09/03/2020 00:00,14:58:00,09/03/2020 00:00,14:58:00,00:00:00,2,17440,764,51.477161,-0.169306,12/03/2020 00:00,07:54:00,12/03/2020 00:00,07:54:00,00:00:00,3,20827,964,51.563804,-0.210244,17/03/2020 00:00,08:01:00,17/03/2020 00:00,08:01:00,00:00:00,,
1,15695,596,51.504812,-0.100409,09/03/2020 00:00,15:13:00,09/03/2020 00:00,15:53:00,00:40:00,2,17443,765,51.5225,-0.420841,12/03/2020 00:00,07:55:00,12/03/2020 00:00,07:55:00,00:00:00,3,20828,965,51.534557,-0.13029,17/03/2020 00:00,08:14:00,17/03/2020 00:00,08:58:00,00:44:00,,
1,15703,597,51.505003,-0.10042,09/03/2020 00:00,15:22:00,09/03/2020 00:00,15:22:00,00:00:00,2,17446,766,51.542906,0.03867,12/03/2020 00:00,07:56:00,12/03/2020 00:00,08:38:00,00:42:00,3,20899,966,51.443183,-0.339802,17/03/2020 00:00,08:50:00,17/03/2020 00:00,08:53:00,00:03:00,,
1,15710,598,51.538672,-0.144408,09/03/2020 00:00,15:32:00,09/03/2020 00:00,15:32:00,00:00:00,2,17468,767,51.454847,-0.006657,12/03/2020 00:00,08:02:00,12/03/2020 00:00,08:02:00,00:00:00,3,20922,967,51.533372,-0.222543,17/03/2020 00:00,09:18:00,17/03/2020 00:00,09:18:00,00:00:00,,
1,15713,599,51.506334,-0.103617,09/03/2020 00:00,15:37:00,09/03/2020 00:00,15:37:00,00:00:00,2,17496,768,51.475169,0.068962,12/03/2020 00:00,08:11:00,12/03/2020 00:00,08:11:00,00:00:00,3,20923,968,51.527526,-0.143447,17/03/2020 00:00,09:30:00,17/03/2020 00:00,09:30:00,00:00:00,,
,,,,,,,,,,2,17501,769,51.465976,-0.169943,12/03/2020 00:00,08:12:00,12/03/2020 00:00,08:12:00,00:00:00,3,20924,969,51.438569,0.139107,17/03/2020 00:00,09:43:00,17/03/2020 00:00,09:43:00,00:00:00,,
,,,,,,,,,,2,17513,770,51.566611,-0.094186,12/03/2020 00:00,08:16:00,12/03/2020 00:00,08:16:00,00:00:00,3,20925,970,51.47316,-0.398492,17/03/2020 00:00,10:22:00,17/03/2020 00:00,10:22:00,00:00:00,,
,,,,,,,,,,2,17569,771,51.46193,-0.117373,12/03/2020 00:00,08:33:00,12/03/2020 00:00,10:12:00,01:39:00,3,20926,971,51.405629,-0.162454,17/03/2020 00:00,10:22:00,17/03/2020 00:00,11:19:00,00:57:00,,
,,,,,,,,,,2,17675,772,51.599651,-0.181427,12/03/2020 00:00,09:34:00,12/03/2020 00:00,09:34:00,00:00:00,3,20939,972,51.571536,-0.21027,17/03/2020 00:00,10:29:00,17/03/2020 00:00,10:29:00,00:00:00,,
,,,,,,,,,,2,17689,773,51.462843,-0.121791,12/03/2020 00:00,10:01:00,12/03/2020 00:00,10:01:00,00:00:00,3,21006,973,51.483476,-0.382169,17/03/2020 00:00,11:18:00,17/03/2020 00:00,11:18:00,00:00:00,,
,,,,,,,,,,2,17700,774,51.449566,-0.013249,12/03/2020 00:00,10:39:00,12/03/2020 00:00,10:39:00,00:00:00,3,21008,974,51.491812,-0.161236,17/03/2020 00:00,12:01:00,17/03/2020 00:00,12:20:00,00:19:00,,
,,,,,,,,,,2,17701,775,51.469581,-0.171671,12/03/2020 00:00,10:52:00,12/03/2020 00:00,10:52:00,00:00:00,3,21026,975,51.524604,-0.087229,17/03/2020 00:00,13:00:00,17/03/2020 00:00,13:41:00,00:41:00,,
,,,,,,,,,,2,17702,776,51.515769,-0.100137,12/03/2020 00:00,11:36:00,12/03/2020 00:00,11:36:00,00:00:00,3,21030,976,51.530158,-0.226159,17/03/2020 00:00,13:02:00,17/03/2020 00:00,20:05:00,07:03:00,,
,,,,,,,,,,2,17703,777,51.536628,-0.004267,12/03/2020 00:00,11:44:00,12/03/2020 00:00,11:44:00,00:00:00,3,21220,977,51.478046,-0.146595,17/03/2020 00:00,14:00:00,17/03/2020 00:00,14:41:00,00:41:00,,
,,,,,,,,,,2,17704,778,51.516172,-0.133618,12/03/2020 00:00,13:10:00,12/03/2020 00:00,13:10:00,00:00:00,3,21440,978,51.518748,-0.009635,17/03/2020 00:00,15:48:00,17/03/2020 00:00,15:48:00,00:00:00,,
,,,,,,,,,,2,17705,779,51.44555,-0.330218,12/03/2020 00:00,14:13:00,12/03/2020 00:00,14:13:00,00:00:00,3,21553,979,51.493072,-0.22445,17/03/2020 00:00,16:45:00,17/03/2020 00:00,16:58:00,00:13:00,,
,,,,,,,,,,2,17706,780,51.399818,-0.144811,12/03/2020 00:00,15:14:00,12/03/2020 00:00,15:14:00,00:00:00,3,21640,980,51.467536,-0.171233,17/03/2020 00:00,17:15:00,17/03/2020 00:00,17:15:00,00:00:00,,
,,,,,,,,,,2,17707,781,51.535808,-0.076823,12/03/2020 00:00,16:01:00,12/03/2020 00:00,16:01:00,00:00:00,3,21685,981,51.494126,-0.236045,17/03/2020 00:00,17:37:00,17/03/2020 00:00,18:38:00,01:01:00,,
,,,,,,,,,,2,17708,782,51.521805,-0.100845,12/03/2020 00:00,16:07:00,12/03/2020 00:00,16:07:00,00:00:00,3,21704,982,51.421618,-0.126975,17/03/2020 00:00,17:42:00,17/03/2020 00:00,17:42:00,00:00:00,,
,,,,,,,,,,2,17709,783,51.445575,-0.330211,12/03/2020 00:00,16:12:00,12/03/2020 00:00,16:12:00,00:00:00,3,21875,983,51.519441,-0.154341,17/03/2020 00:00,18:36:00,17/03/2020 00:00,18:36:00,00:00:00,,
,,,,,,,,,,2,17710,784,51.599676,-0.107544,12/03/2020 00:00,16:12:00,12/03/2020 00:00,16:12:00,00:00:00,3,21891,984,51.526294,-0.209879,17/03/2020 00:00,18:43:00,17/03/2020 00:00,18:43:00,00:00:00,,
,,,,,,,,,,2,17711,785,51.572006,-0.194523,12/03/2020 00:00,16:12:00,12/03/2020 00:00,16:12:00,00:00:00,3,21893,985,51.526294,-0.209879,17/03/2020 00:00,18:43:00,17/03/2020 00:00,18:43:00,00:00:00,,
,,,,,,,,,,2,17712,786,51.46113,-0.218376,12/03/2020 00:00,16:34:00,12/03/2020 00:00,16:34:00,00:00:00,3,22022,986,51.403572,-0.125856,17/03/2020 00:00,19:49:00,17/03/2020 00:00,19:49:00,00:00:00,,
,,,,,,,,,,2,17713,787,51.343976,-0.109403,12/03/2020 00:00,16:39:00,12/03/2020 00:00,16:39:00,00:00:00,3,22050,987,51.49259,-0.094611,17/03/2020 00:00,22:53:00,17/03/2020 00:00,23:00:00,00:07:00,,
,,,,,,,,,,2,17714,788,51.456918,-0.308277,12/03/2020 00:00,16:55:00,12/03/2020 00:00,16:55:00,00:00:00,3,22064,988,51.53,-0.038192,17/03/2020 00:00,23:45:00,17/03/2020 00:00,23:45:00,00:00:00,,
,,,,,,,,,,2,17715,789,51.446224,-0.422558,12/03/2020 00:00,17:00:00,12/03/2020 00:00,17:00:00,00:00:00,3,22065,989,51.442035,-0.145003,18/03/2020 00:00,07:24:00,18/03/2020 00:00,07:24:00,00:00:00,,
,,,,,,,,,,2,17716,790,51.623385,-0.089731,12/03/2020 00:00,17:15:00,12/03/2020 00:00,17:15:00,00:00:00,3,22066,990,51.426099,-0.130502,18/03/2020 00:00,09:13:00,18/03/2020 00:00,10:11:00,00:58:00,,
,,,,,,,,,,2,17717,791,51.462825,-0.121888,12/03/2020 00:00,17:19:00,12/03/2020 00:00,17:19:00,00:00:00,3,22147,991,51.626033,0.010353,18/03/2020 00:00,09:54:00,18/03/2020 00:00,09:54:00,00:00:00,,
,,,,,,,,,,2,17718,792,51.493613,-0.166582,12/03/2020 00:00,17:31:00,12/03/2020 00:00,17:31:00,00:00:00,3,22175,992,51.535282,-0.134986,18/03/2020 00:00,11:17:00,18/03/2020 00:00,12:07:00,00:50:00,,
,,,,,,,,,,2,17719,793,51.516609,-0.129741,12/03/2020 00:00,18:19:00,12/03/2020 00:00,18:19:00,00:00:00,3,22257,993,51.495386,-0.32531,18/03/2020 00:00,11:59:00,18/03/2020 00:00,11:59:00,00:00:00,,
,,,,,,,,,,2,17720,794,51.535399,-0.237827,12/03/2020 00:00,18:30:00,12/03/2020 00:00,18:30:00,00:00:00,3,22271,994,51.626119,0.010662,18/03/2020 00:00,12:14:00,18/03/2020 00:00,12:14:00,00:00:00,,
,,,,,,,,,,2,17721,795,51.52388,-0.099093,12/03/2020 00:00,19:05:00,12/03/2020 00:00,19:05:00,00:00:00,3,22272,995,51.520351,-0.154582,18/03/2020 00:00,12:48:00,18/03/2020 00:00,12:48:00,00:00:00,,
,,,,,,,,,,2,17722,796,51.512368,-0.047145,12/03/2020 00:00,19:35:00,12/03/2020 00:00,19:35:00,00:00:00,3,22273,996,51.520351,-0.154582,18/03/2020 00:00,12:55:00,18/03/2020 00:00,12:55:00,00:00:00,,
,,,,,,,,,,2,17723,797,52.217542,-0.896189,12/03/2020 00:00,19:52:00,12/03/2020 00:00,23:56:00,04:04:00,3,22274,997,51.475193,-0.047536,18/03/2020 00:00,13:36:00,18/03/2020 00:00,14:06:00,00:30:00,,
,,,,,,,,,,2,17861,798,51.503364,-0.113533,12/03/2020 00:00,21:18:00,12/03/2020 00:00,21:18:00,00:00:00,3,22312,998,51.526394,-0.041133,18/03/2020 00:00,14:22:00,18/03/2020 00:00,14:58:00,00:36:00,,
,,,,,,,,,,2,17865,799,51.449541,-0.013152,12/03/2020 00:00,21:23:00,12/03/2020 00:00,21:23:00,00:00:00,3,22331,999,51.561648,-0.21131,18/03/2020 00:00,16:22:00,18/03/2020 00:00,16:22:00,00:00:00,,
,,,,,,,,,,,,,,,,,,,,3,22332,1000,51.467082,-0.171073,18/03/2020 00:00,16:38:00,18/03/2020 00:00,16:38:00,00:00:00,,
,,,,,,,,,,,,,,,,,,,,3,22333,1001,51.385618,-0.088087,18/03/2020 00:00,17:01:00,18/03/2020 00:00,17:01:00,00:00:00,,
,,,,,,,,,,,,,,,,,,,,3,22334,1002,51.53135,-0.211811,18/03/2020 00:00,17:15:00,18/03/2020 00:00,17:15:00,00:00:00,,
,,,,,,,,,,,,,,,,,,,,3,22335,1003,51.53135,-0.211811,18/03/2020 00:00,17:26:00,18/03/2020 00:00,17:26:00,00:00:00,,
,,,,,,,,,,,,,,,,,,,,3,22336,1004,51.459596,-0.14048,18/03/2020 00:00,19:59:00,18/03/2020 00:00,21:01:00,01:02:00,,
,,,,,,,,,,,,,,,,,,,,3,22398,1005,51.442022,-0.144944,19/03/2020 00:00,07:25:00,19/03/2020 00:00,07:25:00,00:00:00,,
,,,,,,,,,,,,,,,,,,,,3,22399,1006,51.459584,-0.140504,19/03/2020 00:00,08:19:00,19/03/2020 00:00,08:43:00,00:24:00,,
,,,,,,,,,,,,,,,,,,,,3,22429,1007,51.541276,-0.208191,19/03/2020 00:00,12:53:00,19/03/2020 00:00,12:53:00,00:00:00,,
,,,,,,,,,,,,,,,,,,,,3,22430,1008,51.473148,-0.398587,19/03/2020 00:00,15:51:00,19/03/2020 00:00,15:51:00,00:00:00,,
,,,,,,,,,,,,,,,,,,,,3,22431,1009,51.583595,-0.229405,19/03/2020 00:00,18:17:00,19/03/2020 00:00,18:17:00,00:00:00,,
,,,,,,,,,,,,,,,,,,,,3,22432,1010,51.441912,-0.144917,19/03/2020 00:00,18:44:00,19/03/2020 00:00,18:44:00,00:00:00,,
,,,,,,,,,,,,,,,,,,,,3,22433,1011,52.962688,-1.151233,19/03/2020 00:00,19:05:00,19/03/2020 00:00,19:05:00,00:00:00,,
,,,,,,,,,,,,,,,,,,,,3,22434,1012,52.962762,-1.151274,19/03/2020 00:00,19:31:00,19/03/2020 00:00,19:31:00,00:00:00,,
,,,,,,,,,,,,,,,,,,,,3,22435,1013,51.376973,-0.080735,20/03/2020 00:00,04:26:00,20/03/2020 00:00,04:26:00,00:00:00,,
,,,,,,,,,,,,,,,,,,,,3,22436,1014,51.442039,-0.144923,20/03/2020 00:00,07:21:00,20/03/2020 00:00,07:21:00,00:00:00,,
,,,,,,,,,,,,,,,,,,,,3,22437,1015,51.602387,-0.015526,20/03/2020 00:00,08:04:00,20/03/2020 00:00,08:04:00,00:00:00,,
,,,,,,,,,,,,,,,,,,,,3,22438,1016,51.403954,-0.067866,20/03/2020 00:00,08:54:00,20/03/2020 00:00,08:54:00,00:00:00,,
,,,,,,,,,,,,,,,,,,,,3,22439,1017,52.962803,-1.15131,20/03/2020 00:00,09:04:00,20/03/2020 00:00,09:04:00,00:00:00,,
,,,,,,,,,,,,,,,,,,,,3,22440,1018,51.571548,-0.210271,20/03/2020 00:00,09:19:00,20/03/2020 00:00,09:19:00,00:00:00,,
,,,,,,,,,,,,,,,,,,,,3,22441,1019,51.493405,-0.165054,20/03/2020 00:00,10:57:00,20/03/2020 00:00,11:51:00,00:54:00,,
,,,,,,,,,,,,,,,,,,,,3,22499,1020,51.473096,-0.398908,20/03/2020 00:00,12:39:00,20/03/2020 00:00,12:39:00,00:00:00,,
,,,,,,,,,,,,,,,,,,,,3,22500,1021,51.410823,-0.064817,20/03/2020 00:00,13:11:00,20/03/2020 00:00,13:11:00,00:00:00,,
,,,,,,,,,,,,,,,,,,,,3,22501,1022,51.520257,-0.155578,20/03/2020 00:00,13:53:00,20/03/2020 00:00,13:53:00,00:00:00,,
,,,,,,,,,,,,,,,,,,,,3,22502,1023,51.474618,-0.32675,20/03/2020 00:00,14:11:00,20/03/2020 00:00,14:11:00,00:00:00,,
,,,,,,,,,,,,,,,,,,,,3,22503,1024,51.626123,0.010401,20/03/2020 00:00,15:24:00,20/03/2020 00:00,15:24:00,00:00:00,,
,,,,,,,,,,,,,,,,,,,,3,22504,1025,51.385586,-0.087893,20/03/2020 00:00,17:07:00,20/03/2020 00:00,17:07:00,00:00:00,,
,,,,,,,,,,,,,,,,,,,,3,22505,1026,51.41877,-0.142526,20/03/2020 00:00,18:43:00,20/03/2020 00:00,18:43:00,00:00:00,,
,,,,,,,,,,,,,,,,,,,,3,22506,1027,51.462532,-0.186957,20/03/2020 00:00,21:11:00,20/03/2020 00:00,21:11:00,00:00:00,,
,,,,,,,,,,,,,,,,,,,,3,22507,1028,51.625864,0.010646,21/03/2020 00:00,11:39:00,21/03/2020 00:00,11:39:00,00:00:00,,
,,,,,,,,,,,,,,,,,,,,3,22508,1029,53.165612,-1.19687,21/03/2020 00:00,11:48:00,21/03/2020 00:00,11:48:00,00:00:00,,
,,,,,,,,,,,,,,,,,,,,3,22509,1030,51.459586,-0.14038,21/03/2020 00:00,12:30:00,21/03/2020 00:00,12:30:00,00:00:00,,
,,,,,,,,,,,,,,,,,,,,3,22510,1031,51.459601,-0.140502,21/03/2020 00:00,13:00:00,21/03/2020 00:00,16:16:00,03:16:00,,
,,,,,,,,,,,,,,,,,,,,3,22567,1032,53.165599,-1.196896,21/03/2020 00:00,17:47:00,21/03/2020 00:00,17:47:00,00:00:00,,
,,,,,,,,,,,,,,,,,,,,3,22568,1033,51.404014,-0.067782,21/03/2020 00:00,18:06:00,21/03/2020 00:00,18:06:00,00:00:00,,
,,,,,,,,,,,,,,,,,,,,3,22569,1034,51.626041,0.010456,21/03/2020 00:00,19:19:00,21/03/2020 00:00,19:19:00,00:00:00,,
,,,,,,,,,,,,,,,,,,,,3,22570,1035,51.602399,-0.015536,22/03/2020 00:00,23:08:00,22/03/2020 00:00,23:08:00,00:00:00,,
,,,,,,,,,,,,,,,,,,,,3,22571,1036,51.493451,-0.165241,23/03/2020 00:00,13:40:00,23/03/2020 00:00,14:38:00,00:58:00,,
,,,,,,,,,,,,,,,,,,,,3,22610,1037,51.515027,-0.097372,23/03/2020 00:00,14:01:00,23/03/2020 00:00,14:01:00,00:00:00,,
,,,,,,,,,,,,,,,,,,,,3,22617,1038,51.404638,-0.063095,23/03/2020 00:00,14:07:00,23/03/2020 00:00,14:07:00,00:00:00,,
,,,,,,,,,,,,,,,,,,,,3,22641,1039,51.583564,-0.229611,23/03/2020 00:00,17:48:00,23/03/2020 00:00,17:48:00,00:00:00,,
,,,,,,,,,,,,,,,,,,,,3,22642,1040,51.626863,0.007314,23/03/2020 00:00,20:15:00,23/03/2020 00:00,20:15:00,00:00:00,,
,,,,,,,,,,,,,,,,,,,,3,22643,1041,51.602441,-0.015611,24/03/2020 00:00,11:35:00,24/03/2020 00:00,11:35:00,00:00:00,,
,,,,,,,,,,,,,,,,,,,,3,22644,1042,51.475192,-0.047537,24/03/2020 00:00,13:36:00,24/03/2020 00:00,14:13:00,00:37:00,,
,,,,,,,,,,,,,,,,,,,,3,22716,1043,51.493395,-0.164974,24/03/2020 00:00,14:44:00,24/03/2020 00:00,16:30:00,01:46:00,,
,,,,,,,,,,,,,,,,,,,,3,22804,1044,51.403829,-0.067743,25/03/2020 00:00,09:08:00,25/03/2020 00:00,09:08:00,00:00:00,,
,,,,,,,,,,,,,,,,,,,,3,22805,1045,51.493396,-0.164945,25/03/2020 00:00,14:00:00,25/03/2020 00:00,14:31:00,00:31:00,,
,,,,,,,,,,,,,,,,,,,,3,22820,1046,51.582676,-0.228161,25/03/2020 00:00,14:26:00,25/03/2020 00:00,14:26:00,00:00:00,,
,,,,,,,,,,,,,,,,,,,,3,22826,1047,51.442629,-0.032466,25/03/2020 00:00,16:12:00,25/03/2020 00:00,16:12:00,00:00:00,,
,,,,,,,,,,,,,,,,,,,,3,22827,1048,51.459593,-0.140929,25/03/2020 00:00,17:06:00,25/03/2020 00:00,17:51:00,00:45:00,,
,,,,,,,,,,,,,,,,,,,,3,22834,1049,51.407941,0.111138,25/03/2020 00:00,17:36:00,25/03/2020 00:00,17:36:00,00:00:00,,
,,,,,,,,,,,,,,,,,,,,3,22835,1050,51.475188,-0.047524,25/03/2020 00:00,17:43:00,25/03/2020 00:00,18:30:00,00:47:00,,
,,,,,,,,,,,,,,,,,,,,3,22904,1051,51.419303,-0.14219,25/03/2020 00:00,18:37:00,25/03/2020 00:00,18:37:00,00:00:00,,
,,,,,,,,,,,,,,,,,,,,3,22905,1052,51.442676,-0.032716,25/03/2020 00:00,23:32:00,25/03/2020 00:00,23:32:00,00:00:00,,
,,,,,,,,,,,,,,,,,,,,3,22906,1053,51.493393,-0.164973,26/03/2020 00:00,13:06:00,26/03/2020 00:00,14:48:00,01:42:00,,
,,,,,,,,,,,,,,,,,,,,3,22976,1054,53.165607,-1.196866,26/03/2020 00:00,14:30:00,26/03/2020 00:00,14:30:00,00:00:00,,
,,,,,,,,,,,,,,,,,,,,3,22997,1055,51.573196,-0.241206,26/03/2020 00:00,14:59:00,26/03/2020 00:00,14:59:00,00:00:00,,
,,,,,,,,,,,,,,,,,,,,3,22998,1056,51.626051,0.01048,26/03/2020 00:00,15:33:00,26/03/2020 00:00,15:33:00,00:00:00,,
,,,,,,,,,,,,,,,,,,,,3,22999,1057,53.145408,-1.195295,26/03/2020 00:00,15:33:00,26/03/2020 00:00,15:33:00,00:00:00,,
,,,,,,,,,,,,,,,,,,,,3,23000,1058,51.376893,-0.080874,26/03/2020 00:00,17:52:00,26/03/2020 00:00,17:52:00,00:00:00,,
,,,,,,,,,,,,,,,,,,,,3,23001,1059,51.493405,-0.164988,27/03/2020 00:00,14:39:00,27/03/2020 00:00,14:52:00,00:13:00,,
,,,,,,,,,,,,,,,,,,,,3,23008,1060,51.582053,-0.219645,27/03/2020 00:00,16:46:00,27/03/2020 00:00,16:46:00,00:00:00,,
,,,,,,,,,,,,,,,,,,,,3,23009,1061,51.475193,-0.047641,27/03/2020 00:00,17:19:00,27/03/2020 00:00,18:01:00,00:42:00,,
,,,,,,,,,,,,,,,,,,,,3,23051,1062,51.493417,-0.165068,28/03/2020 00:00,11:19:00,28/03/2020 00:00,12:22:00,01:03:00,,
,,,,,,,,,,,,,,,,,,,,3,23091,1063,51.436973,-0.059808,28/03/2020 00:00,11:53:00,28/03/2020 00:00,11:53:00,00:00:00,,
,,,,,,,,,,,,,,,,,,,,3,23113,1064,51.493394,-0.164981,29/03/2020 00:00,10:47:00,29/03/2020 00:00,11:53:00,01:06:00,,
,,,,,,,,,,,,,,,,,,,,3,23184,1065,51.584233,-0.229903,29/03/2020 00:00,12:30:00,29/03/2020 00:00,12:30:00,00:00:00,,
,,,,,,,,,,,,,,,,,,,,3,23185,1066,51.442022,-0.14498,30/03/2020 00:00,06:24:00,30/03/2020 00:00,06:24:00,00:00:00,,
,,,,,,,,,,,,,,,,,,,,3,23186,1067,53.165618,-1.196861,30/03/2020 00:00,13:02:00,30/03/2020 00:00,13:02:00,00:00:00,,
,,,,,,,,,,,,,,,,,,,,3,23187,1068,51.407907,0.111059,30/03/2020 00:00,15:04:00,30/03/2020 00:00,15:04:00,00:00:00,,
